Temperature(C),Humidity(%),Pressure(hPa),WindSpeed(km/h),CloudCover(%),Visibility(km),DewPoint(C),UVIndex,SolarRadiation(W/m²),WindDirection(°),PrecipitationLastHour(mm),SoilMoisture(%),EvaporationRate(mm/day),FeelsLikeTemp(C),TempChange1h(C),WindGust(km/h),PressureTendency(hPa/3h),Rainfall
27.5,50.0,1009.9,3.8,42.6,8.1,16.8,8.7,163.5,228.3,1.7,73.4,5.3,26.7,1.1,6.6,1.3,0
24.3,46.3,1005.5,5.3,61.5,44.0,10.8,3.9,1065.1,278.8,0.5,45.4,5.8,26.1,-2.6,11.8,-1.2,0
28.2,78.2,1016.2,10.1,8.2,26.9,20.2,4.5,564.9,12.2,2.8,51.6,2.0,30.2,3.7,15.4,1.1,0
32.6,82.4,1026.4,0.9,8.8,23.9,22.7,4.3,1053.7,213.5,2.4,59.6,0.7,31.4,-1.7,6.9,3.1,0
23.8,41.9,994.2,3.2,17.2,6.2,19.3,2.1,703.0,67.2,0.5,68.3,0.6,23.6,-1.7,7.4,-4.7,1
23.8,96.2,1014.2,12.1,51.8,32.8,11.3,0.7,809.0,124.5,3.1,18.5,3.4,26.0,1.0,15.1,-0.5,0
32.9,43.1,1011.4,2.2,21.4,43.5,18.3,6.5,965.1,125.3,3.7,66.7,7.6,30.2,-3.2,2.7,2.6,0
28.8,72.5,1019.7,5.1,28.3,41.6,23.3,10.9,791.0,168.9,3.8,43.7,1.7,31.1,-2.2,12.5,0.5,0
22.7,82.5,1015.1,13.0,40.0,31.7,14.3,1.8,477.7,120.3,4.5,41.5,2.1,21.0,-0.8,20.5,1.5,0
27.7,92.3,1005.5,2.3,81.2,4.7,24.6,0.5,616.4,38.7,2.0,39.7,0.8,28.8,-1.5,9.0,0.2,1
22.7,82.8,1009.8,1.2,1.4,6.5,13.4,8.6,963.7,52.4,4.8,45.6,4.8,23.2,0.2,7.6,4.9,1
22.7,88.1,1005.0,7.3,64.9,3.4,14.2,2.8,448.4,12.0,4.3,76.2,5.4,23.0,1.0,9.7,-4.5,1
26.2,60.4,1023.8,4.5,66.9,13.6,22.3,9.1,465.7,169.3,1.5,48.4,5.1,28.4,0.7,4.7,-0.1,0
15.4,88.9,1013.2,8.5,79.9,7.6,7.7,7.7,114.8,343.6,0.8,76.7,6.9,13.0,1.5,16.6,-4.1,1
16.4,44.8,1032.0,12.1,93.3,13.7,10.1,10.4,1097.5,41.6,2.2,22.6,3.9,15.5,-1.9,17.0,-3.4,0
22.2,93.7,1012.4,2.1,2.0,19.9,13.4,4.5,109.2,340.7,2.0,60.7,1.1,22.4,-3.7,5.2,-1.2,0
19.9,72.9,1005.9,8.7,15.4,47.2,10.3,7.3,777.9,264.0,2.9,66.9,2.3,21.8,2.6,9.7,-3.4,1
26.6,89.0,997.9,7.6,88.6,30.9,24.5,5.1,495.8,229.5,2.9,57.5,5.3,24.9,3.5,8.2,4.6,1
20.5,67.1,995.0,2.2,45.9,41.9,8.6,6.9,486.7,232.3,3.7,52.5,4.9,22.3,-2.4,5.7,4.5,0
17.9,78.6,997.2,9.4,56.5,35.8,6.6,4.9,815.5,297.6,2.5,49.5,4.2,17.3,-0.9,17.4,-1.6,0
32.3,71.6,1015.7,4.1,66.3,6.5,25.5,2.1,80.5,38.5,0.5,70.3,5.5,30.4,-0.0,13.3,1.4,1
23.9,83.9,1018.1,7.3,67.9,37.1,21.2,5.6,712.4,181.7,4.3,67.5,5.1,25.5,0.3,16.3,0.3,1
25.3,44.9,997.2,1.2,93.2,14.5,13.5,5.8,926.4,251.0,1.5,18.6,7.1,22.8,1.6,10.4,3.2,0
17.9,43.6,1022.0,6.9,99.7,32.3,3.5,8.9,993.9,211.3,4.9,69.4,4.7,18.0,-4.6,16.0,1.3,0
22.3,54.8,1008.2,4.6,72.0,17.7,17.2,8.1,204.6,299.8,0.6,39.0,6.2,19.7,2.2,9.9,-5.0,0
25.6,49.6,1014.5,12.3,28.7,49.9,19.4,7.3,1076.9,26.0,4.8,27.8,2.0,24.7,-4.4,14.5,2.6,0
19.2,92.3,1029.1,0.9,88.0,13.9,14.8,1.2,787.4,248.7,0.5,70.9,5.4,19.8,-0.3,8.9,2.5,1
26.9,53.2,1022.0,6.3,4.9,14.7,17.4,7.9,1058.2,192.2,1.2,40.2,7.2,27.2,3.3,8.4,0.1,0
22.0,98.6,1010.3,6.9,23.1,46.6,18.0,5.5,582.3,136.5,0.2,66.6,3.1,21.4,-0.5,9.6,4.0,0
23.5,60.2,1004.1,10.9,89.7,2.2,16.9,9.8,650.4,122.5,3.5,28.4,6.2,23.1,-3.5,13.2,4.1,1
22.0,50.9,991.5,8.6,25.6,35.1,10.9,10.1,1102.8,223.5,4.3,10.3,5.8,20.4,4.9,13.7,0.2,0
34.3,87.4,1005.8,10.0,22.1,36.5,25.0,0.6,1079.9,320.8,2.2,44.7,0.5,34.0,3.9,13.2,1.1,0
24.9,79.5,1010.9,11.7,13.8,42.0,17.9,9.0,537.8,178.6,4.6,17.0,4.7,27.6,2.7,13.2,5.0,0
19.7,69.9,1003.1,12.9,85.9,48.7,12.2,0.4,329.3,296.9,3.0,62.8,1.0,21.8,-0.9,17.4,-2.0,0
29.1,73.3,1011.7,4.7,50.0,48.8,19.8,4.0,471.8,144.8,3.2,29.3,7.7,27.0,-3.2,13.4,-1.8,0
18.9,83.2,1013.8,8.1,67.5,4.2,16.8,6.0,465.3,36.9,4.2,41.1,6.5,16.1,4.4,13.8,-3.2,1
26.0,53.7,1010.8,12.6,23.9,41.3,23.0,1.6,344.2,22.1,1.5,16.1,0.9,28.6,0.3,21.4,4.0,0
15.2,99.8,1006.5,14.8,75.8,32.7,1.7,8.2,322.3,18.5,1.8,30.1,1.0,15.4,3.5,16.8,2.4,1
18.4,98.5,1014.7,13.3,76.0,32.7,15.4,0.1,1033.3,136.9,4.5,64.7,4.8,18.6,-1.6,15.0,-3.9,1
26.0,79.0,1017.4,5.6,31.3,7.3,14.8,1.9,83.8,121.4,4.5,20.6,2.8,27.7,-1.6,11.4,4.8,0
28.7,52.0,1002.1,2.9,41.1,32.9,14.7,6.4,813.1,258.5,4.9,55.3,0.3,27.6,4.9,7.5,2.3,0
25.9,80.8,1027.1,7.3,21.0,49.1,20.4,7.9,207.4,267.4,4.5,74.2,4.3,25.8,0.2,13.9,3.5,0
24.4,44.3,1012.0,11.1,97.7,45.7,17.6,10.1,413.4,18.3,0.6,57.6,3.1,27.2,-3.6,19.0,-4.5,0
23.5,41.8,1013.2,7.4,64.6,22.5,14.1,7.8,73.9,79.6,4.1,66.8,0.8,24.5,-2.8,14.9,0.0,0
17.6,55.5,1020.1,7.2,93.5,3.0,4.1,7.4,324.0,98.7,2.0,17.6,6.4,15.5,-0.2,16.6,2.0,0
21.4,67.8,1015.3,12.6,30.3,18.8,7.2,4.3,922.1,197.1,5.0,27.6,7.3,19.2,-4.6,16.6,0.4,0
22.7,92.1,1022.5,5.4,78.2,41.5,11.1,0.0,1062.0,52.0,2.4,72.6,6.1,20.9,-0.4,7.5,1.7,0
30.3,83.6,1015.9,12.9,76.6,35.4,27.2,1.3,265.8,48.2,2.8,60.1,6.6,31.9,-0.8,18.4,3.2,1
26.7,84.6,1006.9,6.1,69.2,23.5,16.0,5.9,556.3,339.8,2.6,54.8,1.7,25.5,2.8,7.2,-1.3,1
16.2,65.5,1016.6,4.9,96.6,3.7,8.9,7.4,564.4,289.5,1.6,56.5,2.1,13.3,-1.5,7.8,3.5,0
26.6,60.8,1001.6,6.8,39.4,21.9,18.5,4.6,1048.3,65.0,0.4,39.0,1.7,29.3,4.8,8.9,-3.4,0
23.1,62.3,1014.1,11.4,13.1,24.0,20.5,8.0,915.4,146.4,4.5,13.1,6.1,21.1,-3.2,15.4,-2.3,0
21.6,99.3,1012.7,1.9,67.2,46.5,17.1,5.7,615.7,128.0,4.0,64.9,7.6,18.7,0.9,3.0,-4.6,1
28.1,42.4,1010.9,2.9,72.9,32.4,15.8,0.8,804.9,284.8,0.7,57.5,5.7,26.5,-4.1,3.2,-1.4,0
30.2,92.0,1011.7,14.3,57.5,16.3,22.3,2.1,1016.8,183.7,3.9,43.1,7.1,28.6,2.3,20.9,-1.2,0
29.7,74.7,994.2,2.6,20.7,26.7,23.8,9.2,11.4,46.0,3.1,73.0,5.1,29.2,4.9,8.7,3.1,0
20.8,66.3,1007.5,8.5,50.4,4.2,13.8,8.0,483.5,266.0,2.0,33.5,3.1,23.3,3.2,15.6,1.5,0
23.5,83.5,1013.9,8.7,31.2,48.7,10.4,9.8,1088.7,142.9,1.3,30.6,3.4,25.8,0.6,15.3,-0.6,0
26.7,69.2,1014.6,7.3,42.7,18.6,15.0,1.3,888.4,94.7,4.3,71.1,0.6,26.4,-0.2,8.4,1.5,0
29.9,92.4,1002.7,9.7,64.5,24.4,24.4,10.9,651.4,135.2,3.5,65.8,0.3,29.4,3.4,12.6,-4.5,1
22.6,94.0,1025.7,3.4,74.5,18.4,19.1,2.3,635.6,179.2,2.7,46.0,5.6,22.9,4.4,4.7,-3.2,1
24.1,65.3,1004.3,8.3,23.2,34.4,18.8,0.1,417.3,123.5,3.0,19.2,3.5,22.6,4.9,16.7,1.3,0
19.5,56.6,1022.7,5.6,40.5,33.4,5.5,11.0,624.6,87.1,0.5,25.1,4.4,16.8,-1.0,13.1,1.4,0
19.0,75.5,1017.3,9.9,26.9,36.1,9.4,3.1,786.5,143.5,2.4,55.9,4.5,21.6,4.9,11.9,2.7,0
29.1,94.7,1006.5,2.1,19.9,14.1,20.2,7.3,502.0,6.9,1.0,37.0,2.2,27.2,-3.4,5.5,-1.0,0
31.8,52.6,1030.8,8.6,78.3,16.5,22.0,1.9,857.0,278.1,1.0,68.6,3.8,30.0,-2.5,18.3,2.2,0
24.6,77.4,1001.1,2.8,90.9,7.1,17.8,6.4,1033.5,61.5,3.3,76.5,3.8,24.4,-4.1,8.7,1.8,1
30.0,77.9,1022.2,4.2,37.0,33.1,17.5,9.9,185.6,15.8,4.6,66.4,3.1,29.9,-2.3,12.2,4.6,0
26.8,84.0,1023.0,3.3,75.1,3.0,18.0,3.5,541.9,235.3,2.0,36.4,6.6,23.9,2.7,5.9,-2.8,1
21.8,47.9,1006.3,2.7,89.7,30.3,18.3,7.4,489.6,278.6,1.0,65.2,3.6,19.7,3.5,4.8,0.5,1
26.8,82.9,1026.9,12.4,84.6,43.6,23.1,2.1,825.0,293.0,3.2,34.6,4.8,26.1,2.8,20.2,1.0,1
32.7,94.5,1010.5,4.3,18.3,44.7,23.7,6.9,299.8,177.7,4.4,21.7,7.2,33.8,1.3,11.2,5.0,0
24.8,50.8,1015.9,13.9,95.6,23.0,10.6,3.7,768.3,73.9,3.7,12.3,6.9,23.2,0.1,20.7,-3.0,0
32.8,54.3,1015.6,14.5,37.7,23.5,26.8,2.3,1053.0,265.4,4.3,37.0,7.1,32.3,2.1,20.0,0.2,0
11.9,98.3,1011.7,8.6,33.9,4.8,-1.4,3.4,501.8,251.9,2.7,73.2,2.2,12.2,-1.1,14.2,-1.5,0
29.1,50.9,1021.1,2.1,6.2,33.9,17.2,2.0,1093.2,88.7,3.8,26.7,0.3,31.4,3.4,9.5,0.3,0
25.4,91.3,1020.9,5.6,48.6,41.2,20.2,9.9,1191.8,325.2,0.7,24.5,2.1,24.4,1.8,8.3,-2.7,0
23.5,69.5,995.5,12.0,10.9,13.0,21.0,4.4,127.3,37.6,1.7,77.9,2.2,21.3,2.0,15.5,-4.5,1
25.5,54.8,1026.0,5.5,24.9,21.6,22.2,2.7,279.7,353.8,1.9,11.8,7.3,25.4,0.4,14.2,0.7,0
15.1,92.2,996.4,1.3,31.7,42.1,3.6,4.9,1140.5,309.7,2.6,65.0,5.2,16.6,3.9,4.4,-1.6,0
23.9,66.7,1023.3,8.4,80.9,44.0,19.3,3.5,1150.0,247.6,4.6,32.5,0.7,21.6,-2.5,13.9,-3.2,1
26.8,70.9,1024.3,12.7,87.5,12.9,20.0,8.2,117.2,337.9,4.4,12.6,1.1,26.3,-1.2,19.7,-1.8,0
32.4,61.6,1002.1,11.9,30.2,28.0,23.9,10.7,18.0,260.0,0.7,74.2,1.2,29.5,2.8,21.9,-4.5,0
22.4,75.6,1008.9,2.6,85.9,10.4,11.0,4.8,193.3,68.6,0.9,19.8,5.0,19.6,-0.1,7.0,4.5,0
21.0,49.8,1001.9,10.1,85.7,6.0,17.5,9.5,1195.2,159.2,1.8,48.6,5.9,20.9,3.9,14.4,0.8,1
22.5,63.5,1010.9,3.3,76.5,45.6,15.2,6.2,216.0,25.7,1.5,29.2,6.9,21.3,-1.5,11.7,3.1,0
29.6,98.2,1009.9,3.3,14.7,41.2,21.3,1.7,603.1,140.3,3.1,14.6,7.5,31.7,-1.3,11.4,-0.8,0
26.6,55.5,1020.8,13.1,69.0,38.2,17.6,7.6,1018.1,267.0,4.5,13.5,1.6,27.2,3.9,20.4,4.0,0
22.4,79.4,1026.1,3.7,94.5,3.4,9.8,5.6,24.5,139.1,4.8,18.1,2.5,22.1,-0.4,8.3,-0.2,0
27.6,59.5,1027.0,3.9,68.3,42.3,23.4,7.2,725.4,118.9,3.3,15.0,1.9,27.0,0.2,7.1,0.7,0
25.5,86.4,1007.4,0.0,33.2,22.5,13.0,9.8,332.4,214.3,4.2,63.2,2.9,25.5,-1.7,6.1,-0.1,0
29.8,47.9,1010.9,13.1,50.1,17.8,18.8,4.8,1034.8,314.0,2.6,44.0,7.3,27.0,-2.2,21.9,2.3,0
21.5,98.2,996.2,11.9,64.6,27.8,12.3,9.9,340.2,17.1,1.0,34.0,4.6,23.9,1.6,20.7,0.7,1
23.4,67.2,1004.9,9.4,51.1,5.5,12.3,8.3,824.1,138.8,2.6,39.3,5.9,26.4,-3.8,10.5,-2.3,1
23.0,54.2,1022.6,11.3,12.0,38.1,15.6,5.4,809.1,57.0,2.8,75.0,3.9,21.1,3.8,15.6,-3.5,0
17.7,44.4,1029.2,2.3,31.2,29.5,13.9,6.6,265.8,250.3,3.7,73.8,0.2,15.4,2.8,6.9,1.1,0
26.5,50.2,1000.7,6.9,80.2,10.1,15.8,3.6,41.8,38.1,1.1,60.1,0.5,24.4,-3.1,16.7,-0.1,0
26.3,71.2,1007.1,5.3,86.1,10.2,17.5,10.8,491.1,239.3,1.8,71.9,4.3,27.3,1.9,12.1,-4.0,1
25.0,60.2,1012.7,1.4,13.7,10.0,14.7,7.3,347.0,103.0,1.8,32.4,5.8,26.0,1.0,5.5,-1.0,0
23.8,89.7,1015.8,7.3,95.2,3.8,17.4,0.5,970.8,71.6,4.8,36.7,1.7,25.9,-3.2,7.6,0.1,1
17.9,65.9,1004.9,13.8,32.9,29.8,4.1,3.6,960.4,337.1,2.2,53.0,5.8,19.4,-2.3,19.5,3.3,0
22.9,54.9,1017.2,0.6,66.2,42.2,13.3,6.9,548.4,6.7,3.8,53.7,6.5,22.6,-0.9,1.6,-4.2,0
23.3,77.0,1008.3,4.4,75.2,1.9,20.2,0.6,727.8,157.6,3.8,43.7,3.3,24.0,2.0,12.7,-1.5,1
21.0,82.4,1012.9,3.1,81.2,3.4,13.2,0.3,725.1,7.8,1.3,38.0,6.0,22.1,1.4,10.6,3.2,1
24.2,50.0,1018.5,3.6,94.6,29.1,12.4,5.0,992.6,174.1,2.9,79.0,3.2,24.3,0.3,8.2,1.5,0
27.0,50.1,1013.1,13.6,31.3,41.2,14.7,3.7,510.0,180.4,4.5,67.5,5.4,26.9,2.7,17.9,-2.1,0
34.4,42.2,1008.6,7.0,85.9,17.0,26.0,4.8,330.5,115.8,2.4,40.4,6.1,35.3,2.6,16.0,3.5,0
25.9,84.2,1011.9,7.0,13.2,18.1,12.3,2.9,318.0,47.6,4.7,60.9,7.9,26.2,1.2,9.9,-0.1,0
26.3,79.8,1012.1,11.4,70.5,30.2,20.8,1.8,643.4,135.5,1.1,28.9,2.8,27.2,2.9,13.9,-0.0,0
24.6,68.5,1009.3,2.3,74.2,14.4,17.3,7.6,539.0,242.0,0.4,17.0,3.3,25.3,-1.7,11.7,4.8,0
15.4,90.7,1010.4,7.3,67.8,2.3,1.7,5.7,528.1,281.7,4.5,34.7,1.3,16.7,3.8,15.4,4.5,1
24.9,88.3,1029.0,6.4,25.2,37.0,11.2,2.2,109.4,191.1,4.2,38.2,1.6,25.8,1.1,14.6,-1.4,0
25.3,75.1,1018.6,9.0,87.3,31.7,14.4,3.5,862.3,212.3,5.0,11.2,5.5,25.4,3.2,11.0,-3.6,0
37.3,92.1,1010.0,15.0,16.9,29.5,24.1,6.5,256.5,72.2,3.4,67.0,7.3,38.4,0.5,16.4,-1.7,0
24.0,52.4,1020.0,11.5,5.4,37.3,20.8,0.8,236.3,103.4,4.7,35.1,3.2,23.7,-2.8,11.8,-4.7,0
26.5,46.7,1009.7,6.0,71.7,34.1,13.3,1.6,495.3,58.3,4.1,50.6,1.4,25.0,0.4,8.4,-4.8,1
24.8,56.2,1024.7,12.4,47.5,11.1,18.6,0.8,273.3,89.7,4.2,15.2,2.3,21.8,-1.3,20.1,-1.0,0
19.2,43.4,1016.7,2.6,84.9,18.3,14.9,8.9,700.6,81.0,2.8,22.2,3.6,19.6,2.0,5.0,4.4,0
30.7,71.9,1011.9,0.5,38.3,7.2,25.6,8.3,445.8,187.0,1.9,72.3,2.3,31.2,-0.2,7.8,3.7,0
28.8,96.2,1017.5,3.1,16.8,7.4,21.4,8.3,538.7,202.6,4.7,52.6,1.9,31.6,3.4,5.6,0.1,0
29.0,42.4,997.3,5.1,83.6,34.1,23.7,7.9,644.6,340.2,2.2,76.5,5.9,28.2,1.8,9.1,0.7,0
20.5,47.3,1001.7,7.7,54.9,43.1,14.3,7.4,244.2,70.4,2.7,79.9,0.1,19.9,1.8,17.5,-4.9,0
32.0,67.1,1001.1,9.2,18.9,48.2,28.2,5.2,186.9,231.0,2.2,36.0,4.3,30.2,-2.8,11.6,-2.8,1
18.0,96.0,1014.4,13.7,72.0,31.8,12.1,7.1,1056.5,294.2,2.8,30.9,6.4,15.4,4.8,17.5,-4.8,1
27.9,59.0,1030.3,7.6,51.1,10.0,18.5,0.4,520.5,201.7,2.4,70.1,2.1,29.5,3.4,10.6,2.5,0
36.0,70.4,1035.3,7.5,60.4,6.2,28.3,6.8,494.5,91.8,0.2,79.9,4.8,34.5,2.9,8.6,-3.5,1
20.0,42.5,1019.4,0.8,46.1,40.8,13.5,8.6,42.7,94.5,4.4,54.1,5.4,20.7,-1.7,5.7,3.7,0
22.2,48.9,1018.0,0.5,82.9,29.4,10.5,5.5,597.6,14.1,2.2,65.7,5.2,23.3,0.4,4.3,1.4,0
25.5,99.2,995.0,8.3,83.0,31.3,11.9,3.9,665.0,110.0,2.9,64.7,3.6,25.3,-3.6,15.2,-2.7,1
22.5,97.9,1007.6,6.6,70.9,39.3,10.7,3.1,670.6,268.1,0.7,34.9,2.8,24.8,0.4,14.8,-3.4,1
17.2,40.3,1005.1,12.6,10.5,35.5,10.9,7.1,848.4,17.1,0.0,50.2,6.7,16.9,-3.5,18.0,1.3,0
25.3,97.1,1006.8,2.4,83.9,41.9,13.6,7.6,213.0,78.9,1.2,68.3,6.1,24.0,0.5,2.7,4.0,0
19.7,78.3,1011.3,0.4,67.1,3.8,15.7,9.6,302.7,254.2,3.5,58.2,2.6,22.1,1.5,6.6,2.2,1
27.4,92.1,1008.3,6.7,69.7,37.6,23.7,3.8,972.9,281.8,0.5,11.5,0.8,29.6,-1.1,7.3,-1.5,1
20.4,67.3,993.2,3.6,36.3,42.7,13.9,8.5,1136.6,163.9,4.5,33.6,0.6,18.4,-0.0,9.8,0.9,0
32.7,70.9,1020.5,0.7,87.9,15.0,20.2,6.2,163.1,251.3,1.1,20.1,0.8,29.9,3.8,7.6,-1.9,0
21.1,69.3,1002.3,10.9,72.5,32.4,15.9,9.7,597.2,139.7,1.0,26.3,4.7,18.6,-3.9,12.9,5.0,0
23.4,80.0,1015.4,1.7,11.3,16.4,20.6,5.8,257.0,57.6,0.9,73.4,0.4,22.1,2.9,9.9,2.5,0
29.1,48.4,1033.7,9.1,40.8,47.9,25.4,5.7,72.1,143.3,0.1,12.6,2.7,31.9,-3.3,18.2,1.1,0
18.8,41.8,1003.8,4.2,88.6,2.6,5.6,6.4,390.6,208.8,3.9,25.4,6.0,19.2,-4.6,12.3,-0.8,1
26.1,58.5,987.7,2.6,4.7,29.4,15.9,8.2,172.4,341.3,4.4,31.7,2.4,25.3,-3.1,5.7,1.2,0
31.5,82.3,1010.1,5.7,96.1,9.2,26.2,10.6,851.9,24.8,3.1,53.2,6.1,33.8,2.7,11.6,-1.6,0
17.0,52.1,1024.0,12.0,67.9,35.9,7.8,0.8,640.5,182.7,0.9,47.4,6.0,16.7,-0.9,21.1,-4.7,0
25.9,80.4,1032.6,5.9,63.1,9.6,17.0,0.6,172.6,118.4,1.4,25.3,2.0,24.8,3.7,9.1,-1.0,1
26.3,98.2,1000.7,11.3,27.1,12.5,15.8,10.3,11.1,183.0,2.4,21.5,5.8,28.9,0.2,19.5,4.3,0
28.9,45.6,1018.0,1.9,24.9,25.2,23.9,5.8,969.8,8.6,4.8,26.6,6.0,31.0,-4.8,2.0,1.3,0
18.8,80.4,1008.3,11.6,94.2,45.8,5.6,6.8,211.4,112.7,1.2,45.2,3.2,20.9,2.2,11.6,-4.2,1
18.4,66.6,1011.9,3.6,29.8,11.4,12.4,5.3,727.5,295.2,3.7,29.0,1.7,18.5,-3.9,11.2,3.8,0
27.6,92.1,1039.4,10.2,77.6,8.1,16.6,1.0,404.3,199.4,2.2,76.3,4.2,29.3,2.9,17.8,-2.3,1
26.5,50.6,998.0,8.5,39.3,38.2,24.3,8.4,702.6,162.2,1.5,42.5,7.4,24.6,-3.3,16.4,-2.6,1
26.3,81.6,1015.5,13.9,13.9,25.5,19.5,8.2,378.8,102.8,2.3,14.1,5.1,26.7,-1.5,23.2,-2.0,0
26.7,90.3,1017.7,5.8,1.1,45.7,20.1,3.4,104.3,107.3,0.4,61.0,1.4,29.6,2.6,7.0,0.8,0
21.6,96.7,1023.9,1.0,54.4,8.2,12.5,3.4,267.5,137.9,4.0,33.0,5.5,20.3,4.5,3.3,0.4,0
26.2,81.0,1014.0,0.3,97.6,32.7,23.3,9.2,225.7,300.8,1.2,55.7,3.4,28.0,-1.3,9.3,-0.1,1
26.5,69.8,1016.1,12.4,36.9,12.4,14.2,0.8,513.6,348.2,3.6,29.6,4.7,26.4,3.3,14.2,2.2,0
21.4,77.1,1009.1,7.9,35.7,8.7,16.6,9.7,789.9,157.9,0.3,50.0,5.9,18.6,-3.1,14.7,-1.8,1
34.3,92.1,1015.7,11.6,34.4,34.5,23.5,2.8,316.6,141.6,4.8,64.1,4.1,35.9,3.1,16.9,2.8,0
27.4,74.2,1009.6,3.5,52.1,30.1,15.0,6.5,14.5,304.8,1.0,75.0,6.5,25.4,1.6,4.3,-3.2,0
19.0,41.8,1019.2,5.2,44.1,38.0,9.7,10.3,622.7,153.7,4.4,28.3,5.8,19.8,-3.1,8.1,2.8,0
28.3,95.9,1009.3,0.5,88.0,16.2,16.7,7.5,726.9,198.7,4.0,33.4,4.9,25.8,-2.0,5.7,1.6,1
20.1,81.4,1016.8,14.4,50.6,23.0,9.5,4.6,1155.4,83.1,4.8,42.5,1.2,22.8,-3.7,22.9,1.8,0
28.9,80.6,1012.7,10.0,50.8,20.9,22.3,7.6,707.4,267.7,2.4,74.9,6.7,27.7,-1.2,17.1,-0.2,0
30.8,52.9,1024.3,14.0,13.8,49.2,18.3,3.8,565.4,191.5,3.6,73.1,7.5,29.2,-3.0,20.2,1.7,0
20.9,79.5,1012.5,4.0,98.3,15.3,15.1,3.0,688.1,291.3,1.9,16.3,1.1,18.7,1.4,9.0,-4.2,0
29.8,63.6,995.3,9.2,25.0,15.4,20.4,11.0,1113.5,281.1,0.9,19.2,3.9,32.5,4.9,12.2,3.5,0
27.1,79.1,1025.6,10.2,7.3,18.4,15.4,8.3,994.1,77.4,2.2,44.7,2.1,28.4,-4.9,11.4,-4.4,0
29.1,46.4,1003.9,4.8,66.3,28.7,22.2,7.1,387.6,257.6,0.8,17.5,6.0,30.5,0.4,8.9,-3.5,0
34.5,79.5,1006.5,12.7,59.5,13.4,28.6,3.9,284.7,288.0,4.9,34.2,5.8,34.5,0.7,13.0,0.8,0
23.8,100.0,1007.0,14.2,41.5,45.8,15.8,0.5,315.2,124.6,0.5,20.4,1.1,23.6,4.1,16.3,2.4,0
21.2,42.9,1026.7,13.3,42.2,14.0,8.6,0.3,605.3,62.1,2.9,54.5,7.0,18.9,0.1,17.6,-4.2,0
20.6,98.6,991.6,11.1,78.5,44.9,6.5,6.1,892.9,0.9,3.1,76.5,1.4,21.0,0.4,15.3,4.2,1
20.9,64.4,1044.4,4.2,19.6,6.1,11.8,8.4,603.9,162.3,2.7,79.8,6.4,19.4,-0.3,4.6,4.7,0
24.6,92.2,1023.6,4.2,82.0,33.2,14.0,5.9,81.4,126.9,3.3,36.3,3.7,27.5,-2.3,10.1,1.1,0
26.7,86.9,1015.2,14.5,64.9,45.4,13.0,9.2,868.3,199.8,0.6,51.9,2.6,28.5,-4.4,20.0,-0.2,0
26.4,74.0,1012.5,0.2,41.9,9.3,23.1,0.4,967.2,67.7,2.8,69.9,1.3,25.9,-0.9,1.0,2.4,1
29.1,84.3,1015.9,10.7,45.8,48.4,24.1,4.0,347.4,309.5,1.4,18.2,1.3,27.0,-4.5,20.1,-1.7,0
25.1,92.7,1018.2,10.6,25.7,23.2,13.9,2.6,797.0,92.8,4.7,58.3,5.3,26.8,0.5,11.6,-0.1,0
32.3,64.2,1019.5,9.3,75.2,47.3,19.6,4.9,511.9,81.5,3.8,38.6,4.4,30.0,-1.9,17.8,4.2,0
23.7,59.6,1018.6,14.9,51.3,34.2,10.6,0.8,1066.9,173.1,4.9,24.4,1.0,21.8,0.3,14.9,4.6,0
38.6,80.1,1013.9,4.7,32.1,15.8,31.2,10.5,1014.3,179.6,0.2,38.2,0.9,36.9,-3.7,13.5,4.3,0
28.1,88.5,1011.0,5.1,59.6,10.2,24.9,2.5,630.5,77.4,1.4,15.3,0.6,28.4,4.3,5.3,-2.4,0
20.7,85.7,1011.5,1.2,99.6,15.9,13.0,10.1,829.8,97.9,1.0,58.7,6.0,22.4,3.9,8.8,-2.7,1
19.6,87.9,1011.1,6.6,43.5,5.6,14.6,4.7,1060.0,61.1,0.1,27.7,5.7,18.5,-3.1,10.2,-2.0,0
27.4,66.1,1024.3,3.9,92.1,8.0,21.6,10.8,594.9,258.6,1.2,31.8,0.5,24.9,-1.6,11.3,-0.6,0
23.9,89.1,1018.9,5.2,34.5,6.1,11.9,6.1,375.9,277.2,3.4,18.5,4.5,23.7,1.1,9.2,-1.9,0
28.6,47.2,983.6,12.5,5.5,21.7,25.6,10.2,904.4,166.4,1.2,70.5,0.7,30.1,-4.0,13.2,-1.3,0
27.4,72.7,1019.6,14.0,20.4,40.0,14.6,0.1,264.1,257.1,2.5,44.5,7.2,25.7,-1.5,21.7,1.2,0
24.6,40.3,1014.9,2.8,41.9,7.9,17.0,8.2,466.2,264.9,4.4,50.1,7.3,22.9,-2.5,3.5,2.6,0
20.8,59.5,1012.8,5.6,22.0,7.4,11.1,9.9,1038.9,49.8,3.5,49.9,5.6,23.5,4.2,14.8,2.4,0
17.4,62.0,1009.1,13.9,0.0,32.5,14.2,1.5,869.3,347.8,2.0,38.7,7.4,20.1,3.5,14.4,3.1,0
22.8,63.8,1024.2,0.9,91.5,10.7,16.4,1.1,484.6,295.6,1.9,23.5,6.5,25.7,0.8,5.7,-4.7,0
29.3,81.7,1022.5,1.4,84.4,5.8,26.1,4.7,257.7,73.6,2.3,62.2,6.6,31.1,0.2,8.6,-4.5,1
26.1,63.3,1005.3,2.4,74.2,9.2,11.6,10.3,427.2,67.0,0.9,18.9,4.6,24.2,4.3,6.3,2.9,0
18.8,66.9,1017.1,8.9,16.8,46.3,6.3,6.0,340.9,45.2,3.2,17.3,2.4,17.1,4.3,11.1,0.3,0
25.9,54.3,1003.3,2.3,12.0,41.3,17.9,5.8,211.3,49.8,1.8,59.7,1.7,24.9,4.7,9.9,0.8,0
26.9,62.4,999.2,14.5,6.8,18.3,22.0,1.6,892.0,269.3,4.3,24.6,2.6,25.8,-3.7,22.3,-4.5,1
20.6,53.6,1006.7,6.7,72.4,33.1,6.5,0.0,302.5,169.1,3.8,31.5,5.0,23.3,-3.4,15.9,-2.4,1
25.8,44.4,1021.6,7.5,92.9,27.3,19.3,8.9,545.0,281.9,3.1,43.3,1.4,27.5,1.8,11.3,1.4,0
25.3,76.2,1022.5,3.7,43.1,34.2,21.2,1.0,463.0,268.7,1.8,41.5,2.1,26.6,0.4,8.8,3.6,0
19.3,80.1,1018.1,7.1,11.9,34.5,10.0,7.0,1178.5,217.7,1.0,59.6,3.7,17.4,-4.8,10.7,4.2,0
26.8,77.2,1020.3,9.9,51.2,31.8,12.5,10.1,469.3,247.1,3.9,53.6,1.9,29.3,-4.4,12.5,0.0,0
27.8,67.8,1018.2,11.3,34.9,14.0,25.8,2.3,96.0,6.6,2.4,55.1,4.7,29.8,3.9,18.8,0.5,0
30.4,62.8,1006.6,11.3,37.5,2.9,25.3,7.3,107.8,112.2,1.1,60.0,7.4,28.4,3.7,14.7,3.3,0
30.3,91.8,1017.3,8.7,62.1,23.3,16.1,0.9,708.9,229.6,1.0,30.5,6.0,32.5,-1.4,13.0,0.4,0
18.1,71.1,1021.0,13.6,71.9,44.7,13.9,6.6,719.2,3.4,0.8,32.6,5.3,16.7,3.9,17.6,0.2,1
20.3,68.8,1020.5,12.3,11.1,28.9,16.8,1.8,502.5,11.9,3.9,40.7,4.7,17.8,0.9,19.4,4.1,0
27.6,41.5,1024.9,11.4,3.6,41.8,18.2,8.1,518.2,306.7,1.1,31.5,3.9,28.5,3.1,20.6,2.9,0
27.6,60.5,1020.1,0.8,99.4,49.6,14.4,3.3,64.7,246.2,2.6,78.9,1.5,28.5,-0.7,7.5,4.1,0
27.6,62.8,1016.5,0.1,23.3,9.0,19.4,5.1,619.9,95.5,2.3,67.0,7.2,25.2,-3.9,4.8,-2.8,0
44.3,63.9,1023.7,3.2,5.4,34.9,29.4,6.6,605.7,247.7,2.9,21.5,2.0,43.2,-0.7,11.0,0.2,0
27.9,74.8,1012.7,10.0,19.0,34.0,17.1,1.9,179.5,285.3,4.4,10.4,0.7,30.9,-0.4,16.4,3.4,0
30.7,72.0,1004.2,6.2,3.9,49.0,27.7,8.2,124.6,110.4,4.3,13.0,6.0,31.8,0.5,6.8,-3.9,1
29.8,76.5,1011.4,6.0,39.2,49.3,14.9,3.3,148.3,13.0,2.3,27.1,1.4,31.2,-3.9,7.0,2.9,0
28.3,85.9,1005.6,13.3,80.2,34.6,21.0,7.3,121.2,335.8,0.1,18.0,3.0,26.6,4.9,13.7,-3.2,1
23.4,88.8,1006.2,13.4,34.1,12.9,17.7,1.7,731.6,124.3,2.1,47.3,0.2,20.9,-2.6,18.0,3.1,0
28.8,83.1,1011.6,13.6,44.4,40.1,19.5,7.6,235.8,38.3,3.0,70.1,1.1,27.5,-3.0,21.9,1.1,0
21.1,97.3,1005.1,4.7,67.6,6.2,15.1,1.4,301.7,177.1,2.8,61.6,1.4,19.6,0.3,7.8,-3.1,1
23.8,41.1,1009.9,10.4,50.9,39.3,20.7,4.7,208.3,276.6,3.3,25.1,0.4,22.2,0.4,14.2,-0.3,0
22.6,51.7,994.1,4.1,86.1,45.6,20.6,2.7,1149.4,79.8,0.8,38.0,5.3,20.8,-0.6,13.2,1.8,1
25.4,40.5,1015.1,2.9,86.6,19.8,17.6,8.2,1025.5,97.0,3.2,45.6,6.7,25.8,2.7,11.3,1.3,0
36.6,78.8,1013.0,2.8,1.0,31.9,23.7,2.9,276.6,87.4,0.9,66.7,3.0,35.6,0.2,9.5,-0.7,0
15.7,93.9,1004.8,5.1,77.8,22.1,6.3,9.7,393.1,357.0,3.8,68.7,7.0,17.6,1.1,7.8,4.0,0
28.4,54.6,1019.6,6.4,46.1,22.5,13.4,9.8,251.9,71.1,1.7,73.7,1.7,26.5,2.2,7.6,0.2,0
16.9,95.6,1022.4,12.5,98.9,16.2,11.2,2.2,590.3,207.2,3.5,45.6,2.6,16.7,-4.7,12.7,0.1,0
22.6,43.6,996.9,1.8,48.3,38.3,17.0,6.8,23.5,333.1,0.2,58.6,1.2,19.7,0.7,2.9,-4.4,0
30.4,96.1,1005.4,11.0,98.7,46.9,26.3,1.0,805.6,52.9,2.0,17.8,5.0,30.3,3.8,13.9,4.2,1
25.3,61.1,1005.3,8.0,75.5,47.1,21.2,4.3,627.8,349.5,3.5,49.6,3.4,22.6,-4.8,13.5,-3.2,1
19.6,46.1,1003.6,4.3,24.9,9.6,13.9,7.8,1078.4,341.1,1.1,27.4,4.9,22.5,-0.9,4.9,0.3,0
21.4,69.2,1021.3,7.4,53.8,43.9,9.1,7.3,197.3,318.4,4.0,40.2,6.1,23.1,4.3,8.8,3.0,0
28.4,55.4,1011.1,4.5,99.2,37.1,14.6,6.9,964.9,77.2,3.2,54.4,4.4,28.3,-1.5,6.3,-2.8,0
21.3,57.1,1010.4,8.9,85.8,13.4,6.6,3.1,950.4,228.3,2.9,28.0,5.0,18.8,-0.4,15.2,0.3,0
26.1,58.4,993.0,6.5,9.7,4.3,21.1,4.2,152.6,273.9,1.8,13.7,7.5,26.7,4.8,12.7,-2.6,0
25.2,88.2,1019.4,2.5,70.6,14.1,11.7,1.1,478.3,355.0,2.4,10.7,2.4,26.8,-3.0,8.0,2.6,0
21.7,72.3,1000.6,1.7,34.6,45.7,15.4,7.9,204.2,65.0,3.0,11.6,2.9,19.8,-4.3,4.2,0.6,0
35.7,58.7,1013.6,8.2,0.7,32.0,32.2,5.5,305.7,275.8,2.4,10.6,5.7,36.1,3.6,11.9,3.6,0
28.2,76.6,1015.8,13.5,40.3,36.3,14.9,7.8,315.9,122.0,3.5,17.7,4.9,30.1,3.7,14.5,3.9,0
14.9,83.0,1026.6,5.2,23.5,13.6,4.6,2.7,667.5,63.2,2.2,26.8,1.4,16.5,-0.3,7.5,1.5,0
25.9,56.4,999.9,11.0,81.9,36.3,21.8,3.6,493.7,151.7,1.0,25.5,3.0,27.7,0.1,20.0,2.3,1
21.7,64.8,982.8,9.9,33.7,2.4,14.1,3.7,1137.3,285.8,1.1,79.1,3.7,24.0,3.4,19.7,0.5,0
29.3,47.3,1014.8,14.0,82.8,19.4,23.6,0.3,151.6,167.3,0.0,31.4,3.4,31.9,2.4,20.5,-1.2,0
21.0,50.9,1031.0,12.3,0.1,31.7,9.4,3.8,1168.4,193.5,1.5,18.9,1.4,20.4,-2.3,21.5,1.5,0
24.4,80.9,1025.4,8.5,30.8,8.2,16.5,8.8,276.8,358.3,3.7,48.2,7.4,24.8,-4.8,14.9,4.1,0
27.5,50.9,1015.1,9.9,24.1,41.3,12.6,9.9,927.4,143.7,4.0,70.1,6.1,29.2,-0.2,10.2,-0.8,0
29.3,71.5,1008.1,13.5,23.4,12.5,26.6,5.7,406.8,221.5,1.0,57.5,3.9,30.5,3.6,23.5,-1.9,1
19.0,82.5,1021.1,6.0,6.8,33.0,12.4,5.0,171.7,131.5,4.8,30.7,5.4,22.0,4.0,7.0,-1.1,0
23.3,46.4,1003.3,4.9,18.7,20.9,15.0,0.3,1029.5,141.4,2.5,49.3,7.2,20.4,4.6,11.7,-0.6,0
22.6,74.0,1017.8,0.2,55.6,30.2,14.1,9.7,370.6,250.4,4.6,60.0,1.1,21.7,3.8,2.7,-4.3,0
21.7,55.4,1018.1,12.4,29.1,6.3,15.6,0.1,790.6,337.6,3.5,61.0,2.0,20.4,0.8,16.3,-0.0,0
33.8,97.8,1023.6,12.0,41.7,1.8,22.3,10.4,679.7,195.2,3.6,56.7,4.3,32.4,-0.6,18.5,-0.1,0
27.0,69.0,1040.6,1.6,37.7,45.6,13.6,5.4,566.1,276.6,0.4,71.0,6.4,25.3,2.7,6.0,0.9,0
18.7,88.4,1016.9,8.7,87.6,14.2,4.5,3.8,595.0,32.1,1.1,70.9,0.3,20.0,2.4,11.2,-1.4,0
29.6,73.0,1007.9,7.0,90.5,41.2,17.1,10.2,878.7,76.0,0.0,50.5,7.9,27.1,0.4,10.3,1.1,0
35.6,42.6,1012.7,1.8,49.3,50.0,22.5,0.3,105.3,180.8,3.6,40.1,3.6,37.0,-4.1,5.2,3.8,0
30.2,78.0,995.3,14.7,33.0,11.4,21.0,6.4,801.8,7.2,1.7,54.9,2.9,31.4,4.3,24.3,4.6,0
17.4,97.1,1006.1,3.2,10.7,14.0,4.7,6.0,1075.0,91.0,3.9,67.3,2.3,15.9,-0.4,11.2,0.8,0
22.6,76.1,1008.9,1.0,95.3,33.5,16.7,2.4,69.3,186.3,1.7,10.4,1.4,21.1,-1.4,5.6,-4.6,1
31.3,89.2,1007.8,8.9,6.0,48.3,24.1,4.7,168.8,5.4,4.1,79.4,6.3,32.1,1.3,10.9,4.7,0
21.5,93.1,1014.5,11.1,29.8,45.9,15.4,7.2,860.0,95.2,0.7,22.8,7.6,23.1,1.7,19.2,2.1,0
27.2,53.7,1004.8,0.5,29.8,25.6,19.1,8.0,524.7,185.1,0.9,42.9,3.3,29.5,-2.9,2.1,-1.6,0
28.9,52.7,1024.2,9.9,32.0,40.0,23.2,0.0,484.3,206.3,1.7,71.0,7.6,31.0,3.4,12.0,-3.5,0
20.4,76.7,1013.0,8.0,16.4,7.7,5.9,10.3,164.4,333.3,2.0,25.8,6.6,23.2,-2.1,11.7,-3.6,0
24.7,64.7,1012.9,1.5,78.3,48.9,18.6,1.8,608.1,232.3,1.7,43.4,3.8,25.2,-3.1,10.3,-3.3,0
8.8,90.4,1009.7,2.6,12.2,48.3,5.5,2.6,151.9,149.3,3.8,19.3,5.4,11.3,-0.9,3.9,-4.5,1
19.9,94.0,1014.6,8.5,63.5,9.0,11.1,2.9,571.9,334.9,0.5,37.7,3.5,21.8,2.3,9.7,4.0,1
23.7,61.2,1021.3,4.4,12.4,15.7,21.0,0.4,916.3,282.6,1.8,22.4,4.5,26.1,4.7,9.3,0.4,0
18.8,54.2,1004.3,14.1,7.1,5.9,15.4,1.4,309.9,72.0,4.2,35.5,0.5,15.9,3.1,16.9,2.0,1
33.2,86.8,1006.4,12.3,90.9,14.3,28.3,10.8,576.9,47.1,0.3,36.1,5.6,36.0,4.4,18.0,3.3,1
17.8,56.5,1010.0,14.8,19.0,41.0,9.8,3.5,1190.4,243.3,4.7,79.5,0.4,17.6,-3.6,19.3,2.9,0
22.8,89.4,999.5,3.9,82.1,19.5,15.2,1.3,824.0,201.6,4.9,79.6,6.5,24.6,-4.3,8.2,3.8,0
25.7,65.4,1004.8,14.5,54.5,5.3,13.3,1.2,1009.6,284.3,0.4,18.0,6.6,23.5,0.6,15.6,4.7,0
32.2,80.1,1008.2,6.5,7.8,17.8,20.6,7.9,497.8,266.0,1.5,60.8,1.9,31.6,-2.1,7.9,-0.6,0
17.8,45.7,1021.7,5.2,95.5,49.1,10.3,9.4,921.4,225.1,1.9,13.6,2.6,16.4,3.3,13.4,4.5,0
30.8,77.4,1015.6,0.8,24.7,31.9,24.5,2.8,48.6,355.1,3.9,12.1,3.9,29.5,1.7,9.7,2.2,0
25.1,67.1,1014.9,0.8,86.0,21.4,19.0,0.2,147.5,192.1,3.0,17.4,4.8,22.8,4.7,3.1,-4.3,0
20.1,75.2,1021.5,10.4,16.9,9.2,8.0,2.5,243.7,40.7,3.2,77.6,2.3,21.9,-2.5,11.5,1.8,0
27.3,50.1,1011.6,6.9,85.4,49.3,24.6,0.6,482.3,298.2,3.8,75.9,4.7,24.4,-0.1,7.4,1.9,0
26.0,84.2,1016.9,3.4,1.3,41.2,23.8,1.1,1014.9,90.7,0.6,23.6,2.4,24.9,0.0,9.5,4.1,0
22.0,91.8,1012.0,9.2,51.2,14.8,9.7,4.7,415.5,279.8,4.2,21.3,0.4,20.0,-2.6,16.4,-1.3,0
25.3,53.0,1015.7,3.8,76.9,4.4,17.1,2.5,785.5,344.6,3.5,26.8,0.0,25.8,0.9,7.5,0.8,0
23.1,45.7,1007.2,8.7,93.5,3.8,19.4,5.7,851.2,250.8,2.9,46.1,0.8,21.6,-0.6,15.5,-4.9,1
25.6,41.4,988.6,5.4,90.9,6.9,20.5,2.8,703.4,214.6,4.4,49.9,6.3,24.2,-0.5,12.5,-1.7,0
28.3,78.5,1011.7,12.4,82.0,29.5,14.2,10.3,428.7,165.7,3.5,25.5,7.7,28.2,-1.4,21.8,-4.4,1
32.9,76.4,1027.2,12.3,88.8,46.5,19.7,10.0,692.5,131.2,1.0,63.0,3.4,33.8,-4.8,12.9,0.2,0
18.8,72.8,1022.3,7.2,19.9,25.3,7.6,6.2,410.7,127.1,2.1,31.7,4.1,16.5,0.2,9.1,3.2,0
35.7,53.9,1022.7,5.3,28.4,42.3,27.4,3.9,100.6,229.1,2.5,74.5,1.2,33.8,-1.6,6.0,-2.9,0
15.2,63.5,1025.4,5.4,28.9,22.8,6.4,4.2,1191.4,270.5,0.3,56.0,4.4,13.7,-5.0,14.1,0.3,0
24.2,75.7,1013.9,12.1,37.7,35.7,9.5,4.5,152.6,244.3,4.8,40.5,1.2,27.0,-1.9,20.0,-3.0,0
27.9,69.8,1015.0,4.9,39.3,36.9,13.3,8.0,86.8,71.4,0.6,65.3,4.9,27.3,-2.2,10.6,-3.8,0
26.4,99.3,1006.8,3.1,54.5,9.5,21.6,5.0,1054.2,177.8,3.5,67.3,7.5,27.0,-1.1,3.9,0.1,1
21.9,48.2,1009.8,1.3,16.0,18.7,9.4,9.4,362.2,285.0,2.5,30.3,1.6,20.3,-3.7,4.0,-4.2,0
24.0,81.7,1019.2,7.0,69.1,32.2,19.4,10.4,780.4,171.3,0.1,33.8,6.1,23.9,0.1,10.0,0.9,0
22.5,64.3,1025.0,7.2,16.8,4.5,17.7,3.7,394.8,193.2,4.6,75.5,0.2,19.9,1.9,12.8,-4.7,1
22.1,65.7,1011.6,12.6,31.0,18.7,11.3,6.2,469.7,277.6,4.3,21.5,3.0,19.3,1.3,15.2,-3.9,0
29.2,83.1,1008.5,3.3,50.3,27.2,21.9,1.0,314.5,238.1,2.6,13.0,0.9,29.0,3.0,4.0,0.5,0
26.8,81.5,1013.0,5.7,79.6,49.8,12.7,2.2,411.7,147.4,1.1,41.8,2.8,26.2,-0.5,13.0,0.9,0
21.5,99.5,1019.0,12.1,73.9,24.3,18.3,4.5,492.8,322.3,0.6,66.1,1.4,19.3,0.2,15.1,-4.7,1
29.5,47.7,998.6,12.4,64.6,41.0,20.9,2.3,864.5,58.5,1.8,64.0,3.0,30.6,3.1,16.9,0.7,0
26.5,46.2,990.0,5.8,15.6,22.2,12.6,9.6,613.8,358.4,1.3,74.4,3.3,29.5,-0.7,7.1,3.4,0
29.1,83.5,1007.5,6.9,54.7,40.0,15.3,1.7,1132.3,42.8,2.5,47.3,2.4,28.5,2.0,14.9,2.2,0
28.1,74.7,1000.8,4.5,8.7,30.2,24.1,5.0,50.3,5.4,4.8,17.0,5.3,28.8,-0.7,10.2,-3.7,1
20.9,56.4,1007.9,14.0,37.7,44.4,14.1,6.7,603.7,320.4,2.9,51.2,7.4,23.7,-0.8,23.0,0.9,0
22.2,44.8,1011.5,1.8,41.4,21.1,12.2,7.6,701.1,88.2,4.4,64.5,3.2,24.2,2.6,6.8,1.7,0
28.7,45.1,1008.5,14.0,4.0,30.6,24.6,4.2,1104.2,262.7,3.3,16.5,1.5,28.5,-3.3,23.4,-4.6,1
28.1,93.7,1027.5,10.3,27.4,31.9,13.5,9.6,59.0,292.0,2.4,22.1,2.2,29.5,-1.6,19.2,3.6,0
24.9,51.5,1016.3,8.0,95.6,21.5,11.0,6.3,688.2,309.2,4.3,10.9,6.8,22.7,-2.8,13.8,4.1,0
25.6,59.4,1016.0,0.5,95.4,8.1,21.4,4.8,1024.4,357.0,2.4,51.6,4.6,25.7,-1.4,9.8,3.5,1
31.4,53.6,1019.2,7.1,35.2,5.6,27.8,0.7,290.3,105.9,4.3,72.1,3.6,30.1,-2.7,10.3,3.2,0
22.0,61.3,1001.6,6.1,4.3,1.8,18.9,5.1,1051.6,255.7,1.5,56.9,1.2,20.0,0.8,9.8,2.4,1
27.7,44.2,1023.4,2.4,17.9,43.8,13.9,9.0,22.9,41.5,0.6,78.7,3.6,27.3,3.0,2.9,1.3,0
24.0,71.1,1012.2,9.8,39.2,12.6,19.5,6.8,878.9,146.5,4.3,14.4,2.2,21.8,2.9,15.7,1.8,0
23.9,44.1,1019.7,14.6,94.8,11.4,16.5,9.2,1119.7,305.3,2.9,73.2,7.5,25.1,-1.4,21.8,3.1,0
30.5,88.0,1002.3,8.4,14.1,37.1,22.7,5.4,788.6,132.4,4.4,67.0,7.1,30.2,4.9,16.1,1.6,0
29.1,54.0,997.5,10.7,76.4,16.7,19.3,1.3,526.8,212.8,4.7,32.0,0.7,29.3,0.9,12.2,-1.7,0
29.1,72.4,1021.2,1.0,10.9,25.8,26.2,0.2,53.9,181.4,0.3,78.1,4.1,27.0,-1.0,5.4,-1.2,0
31.5,92.8,1016.8,6.3,98.1,9.0,26.6,3.3,1104.1,232.5,2.5,30.2,1.8,29.3,3.4,8.1,4.0,1
25.1,79.1,1004.0,1.7,38.2,48.0,11.0,7.7,564.4,350.2,1.9,72.3,3.3,25.6,2.3,8.3,-4.8,1
28.4,72.0,1004.3,9.2,77.5,42.7,14.6,8.7,34.8,20.1,3.1,71.7,7.0,31.3,2.5,10.8,2.0,0
23.4,59.5,1024.3,14.1,34.3,43.3,11.2,3.3,827.8,206.6,4.0,63.0,4.2,21.0,-3.0,23.1,4.5,0
26.6,60.0,1001.1,9.9,62.8,20.9,24.3,5.5,578.2,310.7,1.4,49.4,2.7,25.3,-0.3,12.2,2.1,1
24.3,80.2,1029.4,1.2,19.2,38.4,18.0,4.6,149.2,173.3,2.8,18.4,1.7,26.5,3.6,4.1,4.9,0
25.5,99.6,1004.0,5.3,14.6,8.0,15.3,4.5,257.1,28.3,3.5,47.2,6.4,22.9,0.0,13.8,1.9,0
28.0,79.7,1019.4,8.3,93.8,1.4,22.4,2.5,77.4,201.8,0.7,35.0,5.0,30.3,1.8,12.9,-4.7,1
20.9,73.5,1009.7,6.0,91.8,2.0,7.1,1.5,689.2,119.5,4.1,65.5,3.7,21.0,0.9,6.2,3.3,1
35.5,83.8,1019.0,12.5,88.7,29.7,25.3,2.2,746.4,55.8,3.0,63.1,1.7,34.9,3.4,17.4,-2.2,1
20.0,67.9,1007.6,12.2,62.5,23.3,17.1,0.6,606.9,305.7,4.7,73.7,2.7,18.9,-2.2,13.0,-0.5,1
18.9,43.6,1011.4,9.2,80.8,26.4,5.1,2.2,980.5,187.8,1.7,11.0,7.7,17.7,0.8,19.1,-1.9,0
30.8,73.7,1013.4,5.6,6.9,1.4,16.3,0.1,1033.2,336.0,0.5,66.6,4.2,29.6,-3.8,11.5,-2.3,1
29.0,97.5,1003.0,3.8,33.5,21.7,26.0,6.9,738.7,290.2,2.5,75.7,3.2,31.3,1.9,6.4,-0.7,1
28.1,50.5,1020.4,1.6,31.4,36.2,19.2,3.5,15.3,249.5,0.4,65.3,4.2,29.4,2.3,7.2,-1.2,0
28.1,81.4,1007.9,5.3,63.6,22.7,22.2,10.7,834.3,1.8,4.8,19.1,6.2,29.1,-4.6,6.1,1.3,0
24.9,52.1,1010.7,6.2,35.6,36.9,17.8,2.1,501.6,154.0,0.2,15.7,2.7,26.7,1.8,14.2,3.1,0
20.5,72.1,1003.1,10.1,14.9,12.4,16.2,3.8,678.7,71.1,3.8,11.5,1.4,19.0,-0.9,19.4,-2.0,1
25.4,45.8,987.4,9.9,59.6,40.8,15.9,3.9,778.9,327.9,2.6,54.0,4.7,26.1,-3.8,18.6,-2.9,0
21.6,67.0,1011.1,1.1,81.4,29.8,7.1,0.1,420.3,62.9,1.8,54.1,5.3,21.4,-0.8,4.5,1.7,0
29.9,85.4,1037.1,5.9,38.2,11.3,21.4,9.2,1100.5,103.0,0.3,79.1,5.7,31.6,-3.1,9.2,1.7,0
24.3,60.9,1020.8,2.7,13.2,12.6,21.2,0.4,160.8,186.1,3.1,37.9,7.1,23.2,-0.8,3.1,4.0,0
20.9,79.9,1012.8,2.4,19.7,31.8,10.8,10.3,805.8,94.8,2.9,33.2,3.0,21.8,-1.2,8.9,-4.8,0
23.4,87.7,1010.4,12.4,23.7,41.7,17.0,9.8,5.2,75.6,1.4,53.7,0.6,25.7,2.4,17.7,3.5,0
27.1,95.6,1013.2,0.6,30.0,21.4,14.0,5.9,1109.6,215.7,4.6,67.8,7.7,26.5,2.7,5.2,0.2,0
22.2,54.1,1018.5,6.3,64.3,13.7,14.5,6.0,135.0,32.0,1.5,75.6,3.5,19.6,1.1,15.4,1.2,0
20.9,64.0,1001.2,2.5,60.1,43.5,16.4,7.2,113.9,20.9,2.2,66.2,5.0,21.0,-4.8,4.2,-4.1,1
26.2,49.1,1024.1,13.2,69.6,33.8,21.7,4.3,399.6,134.0,2.7,39.9,5.3,25.3,4.3,13.3,-0.7,0
26.2,99.5,1020.2,8.4,36.3,23.0,14.2,7.1,448.3,259.4,0.5,54.4,4.4,27.2,1.9,9.1,-2.7,0
22.5,95.6,1020.2,3.5,82.4,24.9,17.0,0.5,257.2,199.7,4.7,69.9,1.6,25.2,-4.7,5.7,-2.5,1
22.6,72.4,1017.4,7.5,20.4,11.0,10.6,0.6,702.1,152.2,1.9,44.3,6.0,22.5,3.2,7.8,0.0,0
26.2,90.5,1013.2,11.0,46.9,31.7,21.5,5.0,531.5,203.7,0.4,25.2,6.4,26.0,-3.0,16.0,3.1,0
17.8,71.3,1019.7,14.4,80.1,18.6,11.6,6.0,41.0,131.6,1.9,21.9,4.4,18.7,0.8,17.5,2.4,0
18.0,77.4,1018.9,3.3,18.0,49.8,9.9,9.8,383.6,337.0,3.0,10.0,3.9,15.6,-0.3,5.1,0.9,0
21.4,45.3,1009.5,13.3,11.0,24.5,7.1,1.2,972.5,19.8,2.6,60.3,0.9,19.9,-0.8,20.8,0.4,0
23.9,85.3,1007.3,14.0,88.4,24.8,9.8,9.0,827.6,242.4,3.5,17.8,0.7,26.4,3.9,16.0,-0.7,1
26.6,47.7,1014.0,13.7,34.3,28.7,21.9,2.3,869.8,320.9,0.3,27.1,2.7,27.6,-0.6,20.6,4.7,0
32.4,89.6,1028.5,9.5,68.4,45.9,25.7,4.3,837.7,289.4,1.4,30.9,2.5,29.5,-4.2,13.0,0.6,0
29.3,86.9,1000.6,9.4,2.5,40.2,25.4,3.5,373.2,66.3,4.1,49.2,7.6,27.5,4.5,14.5,-2.5,1
24.2,82.5,998.3,6.0,69.0,23.1,15.6,4.4,119.6,106.5,0.4,37.9,6.3,25.3,4.2,15.3,-2.7,1
24.9,42.2,1014.6,11.3,31.6,36.2,16.9,1.7,327.0,258.1,4.3,57.2,5.3,26.5,1.8,11.7,1.1,0
20.0,58.2,1013.5,8.0,5.6,29.7,6.3,5.5,998.1,30.3,0.5,13.9,4.1,22.0,-0.3,13.0,0.2,0
24.9,55.8,1014.7,10.2,61.0,25.1,10.8,8.8,1176.6,292.3,4.2,18.7,1.3,23.7,-4.1,18.7,-4.9,0
23.6,61.6,1015.4,6.4,24.1,10.4,16.6,4.9,592.6,258.8,1.8,44.9,7.8,26.2,2.9,12.3,3.3,0
26.6,45.3,1010.8,11.0,38.7,23.7,18.2,5.4,11.6,262.7,3.1,33.6,3.0,26.9,-4.2,13.8,2.0,0
20.9,96.2,1027.9,12.4,8.1,13.0,7.2,9.3,168.1,36.1,0.8,30.7,0.9,22.1,-4.3,16.4,1.6,0
27.6,73.2,997.0,2.2,14.7,45.8,15.1,7.8,386.5,258.4,0.3,14.7,4.0,28.2,0.4,9.0,-4.3,0
32.7,58.3,1004.7,12.5,29.8,17.4,30.7,5.4,694.3,244.7,1.1,72.7,7.0,30.4,-3.4,21.4,-1.4,0
24.5,63.8,1012.0,8.1,9.0,47.7,18.3,2.8,90.1,299.1,0.6,58.4,7.1,27.3,-4.9,8.5,4.4,0
27.0,66.8,996.6,12.7,91.1,27.1,19.5,9.7,1132.0,15.0,1.6,18.5,0.1,24.7,-0.8,13.4,3.6,0
28.5,76.0,1011.2,6.5,0.6,31.9,23.5,6.3,438.1,8.3,2.6,14.6,7.1,27.0,-3.6,9.8,-2.1,0
23.0,70.9,1029.6,5.7,48.4,27.6,18.4,2.4,1095.1,134.3,2.9,78.2,2.2,24.9,-3.4,8.0,-3.4,1
26.1,95.2,1013.2,13.7,12.3,7.3,23.6,3.0,936.6,53.6,3.9,57.7,0.3,26.8,-4.2,16.3,-0.5,1
25.1,69.8,1015.3,3.8,30.8,19.4,14.7,8.8,906.5,201.0,3.3,39.2,6.8,27.1,-2.9,6.0,-1.4,0
25.5,99.5,1000.4,12.7,92.6,5.9,20.1,0.5,728.1,330.2,3.0,59.1,6.9,25.6,2.2,14.7,1.8,1
21.1,91.1,1006.8,7.3,16.2,31.5,18.4,10.9,752.1,140.9,2.1,62.9,4.8,20.4,3.1,8.6,4.7,1
25.1,52.5,1009.2,7.7,96.6,22.9,20.1,1.4,765.6,304.2,2.4,64.6,4.6,27.6,-0.5,17.0,-1.4,0
27.5,95.8,1009.8,4.6,20.6,39.1,15.1,8.8,754.5,0.1,2.1,43.5,6.5,24.7,0.1,6.0,-4.4,0
32.3,47.0,1025.8,8.6,74.2,11.8,19.2,4.3,664.5,60.7,4.2,40.1,6.3,34.4,-4.7,10.6,4.0,0
29.8,89.0,1018.6,4.9,54.7,9.1,21.5,5.4,1183.7,11.0,1.2,10.8,7.1,28.2,-4.3,7.4,-4.6,0
35.8,62.8,1001.9,0.6,88.4,20.9,28.4,9.7,878.7,118.1,0.0,74.9,4.4,37.9,-2.4,9.9,4.5,0
21.2,92.7,1015.5,4.1,55.4,46.4,6.5,4.5,932.3,326.9,3.3,52.2,7.7,19.0,0.4,11.7,1.6,0
29.4,92.1,1018.0,0.1,53.5,35.8,24.8,5.9,1047.0,34.9,1.0,24.2,8.0,29.9,2.4,8.0,4.4,0
25.9,88.4,1024.4,14.7,19.5,21.5,21.1,0.5,258.8,218.3,4.5,74.4,0.9,28.2,1.1,15.7,-3.0,1
35.9,87.4,1028.8,14.5,16.6,26.3,30.1,0.0,100.6,162.5,4.3,74.0,6.8,35.7,-1.1,22.9,-4.6,0
21.0,58.3,1002.8,5.9,91.6,5.1,16.8,2.7,579.5,337.8,0.4,79.2,4.0,22.5,-3.8,10.0,-0.1,1
20.8,44.9,1004.9,10.9,32.8,49.2,13.9,7.5,616.9,44.1,0.5,71.2,3.1,22.6,2.8,13.5,-0.5,0
22.0,64.2,1000.4,5.2,37.2,33.7,8.2,1.3,995.0,76.3,2.5,79.8,4.9,23.4,-1.4,11.0,-1.7,0
14.4,50.4,1010.7,10.1,76.0,15.0,4.4,1.3,532.5,10.6,3.0,27.1,0.4,17.0,2.4,18.3,4.6,0
22.4,81.7,1017.7,12.1,33.9,29.7,15.0,4.5,685.0,156.2,1.4,69.0,4.1,22.1,0.1,19.9,3.2,0
21.2,60.8,1022.9,14.2,95.2,6.4,7.1,7.1,632.5,100.0,3.6,67.6,7.0,19.2,2.4,23.1,1.6,0
25.8,98.5,1012.2,6.0,73.8,48.3,23.2,7.8,45.8,313.2,3.0,26.2,1.7,23.1,4.1,15.3,-3.4,1
26.7,78.5,1009.8,11.7,59.7,9.6,22.0,2.0,738.3,217.8,1.6,16.9,3.4,25.2,4.2,14.1,2.3,1
34.4,89.3,1014.5,4.0,88.1,32.8,25.0,0.9,993.7,221.1,0.1,78.6,7.5,32.3,0.4,8.2,2.3,0
29.8,48.0,1004.6,14.9,5.0,13.0,19.8,10.3,189.0,191.5,3.8,30.7,3.4,30.1,0.1,15.0,-0.7,0
22.1,91.7,1033.9,0.4,25.7,36.2,19.6,2.9,713.2,33.1,1.1,71.0,2.9,20.2,-2.3,9.2,4.2,0
20.5,95.4,996.9,9.1,46.5,39.1,13.3,9.4,712.3,160.2,4.2,10.3,3.5,17.7,4.4,10.6,-3.3,0
27.5,69.2,1014.8,9.9,22.7,34.0,17.1,9.5,197.0,359.8,2.1,11.5,4.2,24.7,-0.4,18.5,-2.3,0
18.4,76.4,1033.2,10.3,74.4,31.1,7.3,8.5,148.2,300.7,2.9,42.6,5.1,20.4,-3.7,13.6,-4.4,1
34.2,85.9,1013.1,1.8,91.9,44.7,23.9,1.9,1176.1,321.6,4.4,26.7,6.4,34.7,-0.7,5.5,3.0,0
30.9,50.5,1011.1,14.1,42.4,4.9,24.7,9.0,472.5,296.4,4.3,58.3,3.6,30.0,-3.7,14.5,1.2,0
22.7,70.2,1009.4,2.7,34.2,17.2,19.5,8.5,272.9,37.1,1.9,49.6,6.5,25.1,0.0,6.0,-1.9,0
16.4,63.9,1011.2,9.3,96.2,13.2,8.8,6.6,205.6,81.9,1.0,15.4,4.3,13.8,0.6,18.2,-3.4,0
31.8,48.8,1026.7,3.3,44.5,49.4,28.1,3.7,801.1,1.1,3.9,21.4,2.7,34.7,-1.6,3.6,-4.6,0
24.4,62.1,990.9,4.6,48.9,20.1,10.1,2.9,731.3,109.3,2.2,37.2,5.3,25.1,-4.3,8.7,-3.3,0
31.2,44.1,1028.3,8.2,35.2,36.9,23.0,1.3,772.3,39.1,1.0,23.0,5.7,29.3,4.4,8.5,-0.5,0
17.0,41.5,998.8,6.3,91.0,34.6,10.9,5.6,105.6,170.2,4.5,65.5,4.5,18.1,2.7,10.0,-2.5,1
22.0,48.1,1010.3,2.4,56.9,11.4,10.0,6.4,1072.2,243.8,1.0,39.1,0.5,23.6,3.4,4.1,-2.4,0
25.0,97.8,1008.7,2.6,76.2,12.7,16.5,4.0,467.1,314.8,0.1,16.5,1.4,24.6,-1.3,5.1,3.8,0
25.2,73.0,1018.9,6.3,81.2,14.8,19.2,5.2,376.0,269.7,0.1,43.9,2.3,27.4,2.6,15.1,0.2,0
22.7,97.9,997.0,11.4,34.2,21.1,10.1,4.0,554.8,337.9,3.1,16.4,2.3,20.6,-0.1,15.8,2.3,0
28.1,65.9,1017.6,13.5,43.4,12.5,14.8,7.1,468.1,19.4,3.3,19.0,5.4,26.8,-3.0,16.2,-4.6,0
19.7,58.7,1033.2,1.3,84.8,2.0,9.0,9.9,1036.3,4.4,1.6,26.8,0.1,17.3,-3.8,7.2,-1.3,0
24.3,70.4,999.4,5.9,36.3,44.1,21.7,1.8,1115.1,238.1,1.6,70.2,6.0,22.6,-1.5,7.3,-0.2,1
25.6,66.4,1014.9,1.5,79.4,48.3,16.2,4.2,364.1,104.2,1.7,74.7,2.1,24.0,-3.6,4.1,-3.1,0
27.6,46.3,1006.4,0.2,94.1,17.7,15.7,1.5,1036.7,91.3,3.4,67.8,2.5,30.1,5.0,5.7,-3.8,1
28.6,78.4,1017.3,9.9,62.3,17.6,24.8,6.9,937.8,119.1,0.3,33.4,4.2,26.1,-4.5,12.3,3.7,1
19.4,53.0,1013.2,9.0,74.2,1.3,14.4,8.0,1117.0,97.1,4.6,29.1,1.7,19.0,-0.6,15.8,4.4,1
17.3,77.2,1006.6,2.4,80.5,34.3,3.8,10.3,294.9,184.1,1.1,48.4,7.1,17.5,-0.5,7.3,-4.2,1
31.4,79.0,1017.9,3.5,84.5,41.4,29.1,3.1,692.4,158.5,5.0,60.5,0.7,33.8,-2.0,11.2,-1.5,1
26.7,49.1,1031.0,0.4,39.5,8.2,14.9,10.5,329.5,184.5,0.9,79.5,3.6,29.7,0.7,9.9,4.6,0
21.3,43.7,1011.1,12.5,5.1,8.8,13.1,0.7,988.9,242.2,3.9,19.2,6.8,22.8,-3.5,13.7,-4.2,0
32.8,86.8,1020.2,14.6,40.2,39.7,25.0,6.6,6.4,139.4,1.1,13.5,4.9,35.6,2.8,17.9,1.4,0
25.6,67.6,1000.1,2.0,67.4,31.2,23.5,0.6,677.8,90.5,0.4,58.6,2.3,27.3,-1.7,5.2,4.7,1
30.9,43.5,1003.4,3.5,45.0,3.2,18.2,9.8,407.0,59.8,4.4,68.3,3.4,33.7,0.9,5.0,4.8,0
25.3,99.7,1017.7,13.0,74.9,31.5,18.6,5.8,387.2,125.8,4.3,69.2,5.7,26.5,2.2,21.1,-0.3,0
35.3,43.5,1027.8,13.9,35.7,16.1,26.3,7.4,773.9,267.1,2.0,57.5,7.8,32.8,3.9,21.5,-3.4,0
33.8,81.7,1016.6,6.3,63.5,19.1,23.0,9.1,1021.8,272.4,3.5,76.8,7.1,33.2,3.4,11.1,-3.0,0
23.8,99.0,1009.9,0.8,18.6,38.7,12.7,1.7,731.0,240.1,2.8,45.8,2.7,24.7,1.1,6.2,3.9,0
29.9,54.4,1013.0,0.6,74.9,40.7,15.5,0.4,1023.8,84.3,4.3,74.0,8.0,29.0,-1.1,1.2,4.1,0
28.2,48.5,1000.5,8.6,54.6,20.6,19.3,9.7,317.5,211.7,1.6,77.7,0.0,26.8,0.0,14.2,1.1,0
31.8,47.3,1019.0,5.9,20.4,47.4,24.6,3.5,623.4,205.4,2.6,69.3,0.2,32.3,2.7,13.8,2.7,0
20.2,58.2,1021.8,0.4,29.2,20.9,5.8,1.4,540.6,174.3,2.4,31.7,6.6,22.8,3.8,6.1,2.4,0
28.4,46.1,1008.5,8.7,74.9,38.8,18.1,5.2,14.0,198.0,1.8,23.7,1.6,25.6,-4.0,11.4,1.6,0
30.3,81.5,1008.3,0.2,48.3,24.7,24.4,6.6,668.2,177.0,4.5,48.4,0.5,31.9,-1.2,6.9,3.3,0
16.2,43.7,1015.7,11.8,21.6,45.0,12.6,0.3,793.8,203.6,0.8,41.7,1.9,17.5,2.8,15.4,1.9,0
19.1,70.6,1008.6,4.6,96.7,45.5,6.1,3.0,710.3,257.6,0.7,71.4,3.4,21.9,-0.7,10.0,0.3,1
14.8,99.8,1012.3,0.6,71.5,5.3,8.1,0.4,883.5,39.5,2.9,17.0,5.8,17.4,-1.7,5.5,-2.6,1
23.7,88.8,1034.0,8.8,95.7,46.9,13.1,4.6,685.6,269.9,3.3,28.0,5.0,25.3,-0.9,12.6,2.4,0
28.6,76.9,1010.5,6.0,42.7,41.5,20.5,9.8,80.1,48.9,1.0,62.6,1.9,28.7,1.0,13.2,-0.3,0
32.5,58.4,1009.4,14.6,47.5,39.8,27.9,10.8,139.7,24.0,2.0,16.6,4.0,30.7,5.0,23.4,-2.1,1
25.4,77.4,1006.5,8.2,89.8,10.8,15.6,7.0,715.8,351.4,4.7,32.5,7.4,25.7,-0.1,8.3,3.0,0
33.1,71.6,1020.4,4.1,52.5,40.5,30.3,1.8,330.0,344.5,1.2,37.1,6.5,34.7,-2.9,13.4,2.0,0
18.1,65.6,1011.2,10.6,70.7,42.7,10.7,10.0,95.6,21.8,3.3,53.6,2.6,20.5,-3.4,15.7,4.4,0
16.5,47.8,1006.5,4.1,25.2,15.2,7.4,5.7,515.5,159.6,3.7,21.1,7.9,18.2,-4.6,11.1,-3.3,0
24.7,93.2,1026.2,13.6,44.7,47.7,17.0,1.7,665.2,67.0,2.2,70.2,5.7,22.9,0.6,22.2,1.5,0
26.9,67.0,1027.2,5.6,12.3,3.4,15.2,10.1,394.5,174.7,4.7,41.3,0.5,27.5,0.4,10.3,-2.6,0
24.8,51.7,1007.0,8.2,20.6,8.3,12.0,8.3,864.5,298.9,3.7,74.2,0.3,23.8,-2.9,16.5,4.0,0
14.7,62.1,994.3,0.8,0.1,27.3,2.7,8.0,772.5,342.2,2.3,42.8,1.3,11.8,2.0,2.6,-4.0,0
24.6,64.8,1023.1,6.4,3.9,29.2,22.1,7.8,399.4,228.3,2.8,29.3,5.8,22.8,2.4,8.0,1.6,0
18.5,89.7,1006.2,12.5,97.7,32.6,14.0,2.2,905.8,127.4,3.5,19.9,1.5,16.2,-2.4,19.1,2.9,1
28.3,84.0,1020.9,12.1,24.2,1.8,19.3,2.3,778.4,217.2,3.0,10.3,4.1,30.4,-1.6,20.8,-1.5,0
26.8,86.2,993.3,3.4,66.3,48.1,12.6,7.6,764.9,112.3,4.4,47.3,0.7,25.4,4.9,12.3,4.5,1
20.3,40.7,1021.9,3.4,83.9,3.2,7.4,2.4,664.1,327.5,1.8,17.5,7.4,19.0,-1.3,9.8,3.5,0
22.4,65.0,1000.9,12.3,55.1,8.0,9.4,4.8,13.7,313.3,1.5,37.4,2.8,25.2,2.6,17.6,-2.1,1
19.7,68.9,1020.3,14.0,15.3,1.7,13.8,8.6,835.8,201.0,1.1,51.2,7.3,19.0,-0.5,17.3,-4.9,0
24.7,41.2,1013.1,1.4,72.8,28.8,17.1,8.6,451.3,116.9,0.2,29.3,7.6,21.8,2.9,11.2,-2.0,0
29.8,55.6,1003.5,6.8,60.0,46.7,21.7,5.0,1131.1,105.6,0.2,22.3,0.0,28.5,2.7,10.0,-2.2,0
20.1,85.6,1008.9,5.1,73.1,33.6,16.1,8.7,981.6,12.0,4.4,64.2,3.7,17.8,1.7,12.5,3.9,1
27.5,48.2,1019.9,13.1,77.0,41.3,25.1,9.2,705.2,293.7,3.4,76.3,0.2,25.1,3.5,18.4,4.7,0
22.3,72.1,1014.1,1.3,97.5,1.7,8.0,7.2,302.6,162.1,3.3,17.0,7.3,19.8,4.4,7.4,-4.3,1
21.0,52.9,1018.8,3.2,57.4,27.6,15.9,2.5,244.5,117.0,3.1,20.9,4.1,21.6,0.8,7.1,-0.3,0
24.5,40.7,1032.8,11.3,34.2,23.5,19.4,3.0,408.5,169.6,4.2,77.2,0.6,22.6,-2.6,20.9,0.5,0
19.8,54.5,997.4,0.8,64.8,25.4,16.7,3.5,571.9,294.7,2.4,12.6,0.9,19.0,-1.0,6.5,-4.1,1
22.2,98.6,1029.2,7.4,6.8,4.5,8.1,1.3,355.3,44.9,4.4,78.4,3.1,24.4,2.6,16.8,-1.2,0
19.0,88.1,1014.0,6.6,89.7,34.5,9.5,3.0,617.9,308.8,1.8,10.3,7.5,18.5,1.5,6.7,-1.8,0
34.8,97.6,1004.0,5.0,11.9,25.7,24.1,2.3,198.4,323.1,4.6,71.2,5.5,37.3,-3.2,10.7,0.4,0
25.2,69.3,999.7,5.9,32.8,38.5,11.3,5.0,1173.3,340.8,3.5,31.5,6.9,25.2,-4.5,13.1,1.6,0
21.5,46.6,1011.1,7.9,81.6,24.8,15.0,10.0,129.5,143.1,1.3,75.7,2.9,20.9,1.8,15.4,2.0,0
26.1,72.9,1022.2,2.4,59.7,8.3,16.0,1.1,1118.3,78.2,2.8,32.2,0.3,27.6,-2.5,11.4,-3.6,1
24.4,67.3,1011.7,8.6,39.4,32.8,21.9,7.9,1096.3,134.5,2.7,55.8,7.8,21.8,-0.0,8.6,3.1,0
23.9,90.7,1028.1,12.1,47.3,9.4,19.5,7.6,630.4,119.8,0.7,15.6,0.1,21.4,2.5,12.1,1.8,1
28.1,45.9,998.5,11.4,85.5,43.7,15.3,1.1,869.9,63.4,3.0,27.0,7.6,29.0,0.6,16.1,3.9,0
28.8,69.3,1012.9,2.3,34.0,31.0,16.8,10.1,523.3,218.6,1.6,64.2,2.9,28.7,-4.2,2.6,-0.5,0
22.3,49.0,1000.5,2.2,87.0,8.7,15.7,6.3,756.0,171.6,0.3,47.0,0.1,24.0,-3.1,11.9,3.9,1
22.1,59.5,1016.6,4.0,8.8,48.2,15.2,4.0,408.7,311.7,4.7,75.0,5.5,24.6,-2.8,6.2,3.7,0
23.6,84.2,1021.9,5.4,77.7,26.4,14.7,8.3,361.4,11.6,3.2,40.0,7.8,22.9,-2.4,10.1,-0.6,0
13.5,68.6,1008.8,6.1,84.8,4.6,11.5,2.8,693.9,231.8,4.4,70.9,7.7,14.1,0.7,6.7,-1.2,1
17.4,62.6,987.0,10.2,18.2,31.7,12.3,7.6,597.8,274.7,3.4,41.4,1.3,17.4,0.0,15.4,4.3,0
31.8,63.7,1015.0,0.9,43.0,13.4,27.1,0.4,695.4,273.4,1.8,78.5,1.4,34.7,-3.0,4.7,2.2,0
33.2,67.6,1017.4,0.5,16.5,40.4,27.9,9.2,344.0,319.0,2.6,77.2,4.5,35.2,-4.3,0.9,4.3,0
23.8,87.1,1017.0,5.9,70.7,41.1,11.3,4.9,440.3,262.5,3.4,33.0,5.1,26.3,-3.3,9.3,3.0,0
27.9,93.5,1025.4,10.5,53.5,49.0,22.3,7.0,100.7,334.0,4.8,72.0,5.9,26.4,4.8,14.4,1.1,0
26.6,97.3,1002.3,2.9,63.5,25.6,22.1,2.4,62.7,119.8,1.3,69.3,1.4,28.2,-0.3,12.8,-3.8,1
40.4,87.2,1019.8,9.6,19.6,23.3,31.8,7.4,304.1,181.2,4.4,24.7,7.7,39.0,3.7,11.7,-2.1,0
30.6,58.9,1024.9,3.9,21.2,37.9,17.3,8.5,89.1,5.1,4.6,53.7,5.1,28.9,3.5,9.3,4.7,0
24.4,81.3,995.2,13.3,4.1,7.5,19.3,5.2,124.5,2.5,3.4,15.1,6.8,27.1,0.1,23.2,-1.8,0
20.2,66.3,1016.2,13.4,32.2,27.8,17.2,6.8,975.5,86.4,4.7,68.6,4.3,17.3,2.1,21.3,-4.1,0
17.0,55.3,1008.0,4.5,56.0,27.8,10.4,5.0,46.6,36.3,2.0,22.2,3.3,19.8,-3.1,14.4,2.1,0
26.0,90.5,1012.2,3.4,85.8,5.4,14.3,9.8,790.7,93.7,4.8,15.0,7.8,23.9,1.9,13.1,2.3,0
21.2,42.3,1016.5,6.2,66.7,21.5,12.0,5.5,327.1,63.7,3.5,38.0,4.7,23.1,-2.3,11.1,-2.1,0
17.9,94.1,1008.1,3.6,43.5,42.8,5.3,9.3,1045.9,10.3,0.2,50.4,6.9,16.6,3.3,10.6,-2.0,0
21.8,67.7,1006.2,10.1,95.3,43.0,7.3,8.8,582.0,327.3,4.5,69.8,7.6,20.9,-4.2,11.2,-0.3,0
19.6,78.2,1013.3,12.4,71.9,5.9,7.3,4.5,366.7,3.0,2.4,78.2,5.4,17.9,2.7,16.8,-4.8,1
33.4,79.6,1002.1,10.1,93.0,5.4,23.6,2.5,621.2,265.0,2.3,40.8,4.4,33.9,-4.0,18.2,2.9,1
29.4,93.7,1002.1,12.4,52.8,13.9,21.0,4.5,458.3,54.8,2.8,14.2,0.0,28.5,3.8,17.5,-1.8,0
25.0,78.2,1019.8,6.0,25.9,43.9,22.5,9.1,677.2,328.4,0.7,62.4,0.3,25.9,-2.0,13.0,3.5,0
32.4,76.8,1001.5,2.3,5.3,7.3,17.6,2.5,137.4,321.4,2.3,49.6,1.6,29.5,1.5,9.8,3.0,1
25.4,44.0,1019.7,11.1,72.6,36.3,18.4,5.8,1196.4,235.4,4.2,41.4,1.5,22.8,-0.1,13.6,1.6,0
20.7,71.1,1017.6,5.4,12.1,6.0,16.7,8.9,510.7,242.0,0.1,31.6,2.0,18.3,-1.3,14.2,-1.8,1
32.6,49.0,995.7,10.1,30.3,31.5,21.9,3.9,417.9,1.9,1.4,45.2,2.4,32.1,1.5,14.7,0.2,0
27.7,84.2,1006.2,4.1,53.2,18.4,22.0,7.1,852.3,354.6,0.0,33.7,2.9,29.6,4.5,6.2,-0.6,0
19.8,70.7,1024.9,1.2,56.4,39.7,10.2,2.7,436.7,316.0,2.1,63.0,3.4,22.1,-4.6,9.9,-1.6,0
24.0,80.8,1003.2,14.9,60.1,12.5,14.4,1.2,999.9,322.2,3.6,48.1,0.8,22.5,4.2,19.1,3.5,1
20.6,42.5,1008.4,2.3,16.6,32.3,12.8,8.7,545.1,237.3,4.0,71.4,0.3,21.0,1.1,9.8,-0.2,0
18.1,45.1,1017.6,14.8,38.0,12.5,5.2,1.1,863.5,124.1,4.7,48.0,5.4,19.7,3.1,20.3,3.3,0
29.6,83.0,1020.8,14.7,61.7,36.0,24.2,3.0,128.9,321.7,3.0,26.7,4.3,28.3,-1.2,18.5,-3.9,1
34.5,44.3,1010.5,11.9,97.0,43.8,26.7,9.4,1015.3,104.9,1.3,69.6,3.6,34.0,-0.3,20.0,-3.6,0
18.0,44.3,1007.0,9.9,72.8,7.2,9.0,3.8,882.9,202.6,4.6,49.0,5.1,18.1,3.7,15.7,4.8,1
27.8,40.7,1027.2,8.7,92.3,43.5,17.2,10.7,254.1,35.9,3.9,24.5,6.6,25.6,-0.9,12.6,0.9,0
21.7,97.4,1030.4,13.0,76.2,30.1,9.5,10.8,174.3,331.9,2.9,53.6,3.4,18.9,0.3,14.1,0.1,0
22.6,84.3,1022.8,4.3,59.2,7.2,15.5,3.0,379.6,50.7,3.5,35.0,5.1,20.5,-4.8,13.3,0.2,0
22.0,61.2,1013.9,7.0,19.2,21.9,11.6,0.5,1171.3,81.0,4.6,69.1,7.6,22.8,-3.4,7.4,-2.8,0
20.7,57.8,1004.9,9.3,66.7,8.9,16.7,7.8,308.2,200.9,3.6,41.7,6.7,18.1,1.4,17.9,2.2,1
25.2,61.0,1004.7,6.2,62.3,35.3,11.1,5.0,547.4,275.1,1.8,60.9,3.4,23.3,2.2,9.8,-4.2,1
20.8,86.5,1018.2,6.4,60.2,38.2,13.8,1.1,36.0,223.0,3.6,16.7,5.2,19.8,0.8,12.8,0.7,0
26.4,79.7,1017.2,5.0,49.0,6.2,14.9,7.8,476.7,83.6,0.2,37.7,1.4,23.9,-3.6,14.2,0.7,0
24.7,51.1,1027.0,8.5,52.9,25.8,22.4,0.3,685.6,0.3,1.9,78.8,4.5,22.9,-0.5,10.0,4.1,0
23.8,50.4,1019.5,12.8,33.4,40.9,19.1,9.6,1143.7,272.6,2.0,66.6,7.9,26.3,-1.4,18.5,0.3,0
20.5,45.9,998.0,3.0,51.9,46.9,12.2,1.5,620.1,354.7,0.8,21.2,4.1,17.6,-0.0,10.6,-3.6,0
22.1,79.6,1023.5,14.0,19.8,26.2,8.7,1.4,982.9,291.6,0.1,29.4,7.4,23.0,3.7,21.6,0.7,0
28.8,85.9,1003.0,10.3,80.5,47.6,19.9,1.9,656.6,165.7,0.7,33.1,3.3,28.1,2.8,15.6,-4.1,1
27.5,55.9,1009.2,12.3,18.6,27.2,13.4,10.6,48.9,325.4,3.3,55.5,8.0,28.5,-4.2,18.5,-3.0,0
20.1,41.3,1015.5,8.3,8.5,20.3,11.8,7.6,378.0,147.5,4.0,63.0,4.6,20.6,3.9,15.9,-4.7,0
25.5,44.9,1033.0,11.7,43.6,42.6,17.1,8.8,690.7,189.0,4.9,62.5,0.3,23.8,-0.3,20.1,0.1,0
28.8,98.1,1044.1,0.2,65.8,25.2,25.2,4.4,1140.7,171.8,1.7,45.7,4.7,30.9,2.4,7.8,-4.2,1
16.7,57.7,1019.1,12.3,43.8,24.1,4.3,3.7,1031.0,161.1,3.0,66.8,2.2,16.7,-3.6,15.8,-0.3,0
27.7,86.2,1011.2,0.6,27.7,25.0,22.5,2.6,274.0,279.1,4.7,40.6,0.3,29.6,1.7,10.6,4.3,0
21.7,77.5,1018.3,13.3,55.8,42.5,8.0,5.3,264.1,189.6,0.8,18.7,6.6,21.1,-2.6,17.6,2.2,0
27.9,62.9,1021.9,14.9,34.7,41.8,14.1,6.1,241.4,114.0,3.6,49.5,2.2,30.8,-0.6,15.1,-4.2,0
21.2,52.3,1009.8,4.4,93.3,20.8,6.9,6.9,1107.0,92.9,3.8,76.7,6.4,22.8,-4.8,8.0,-2.8,0
16.0,47.3,1031.0,3.2,92.3,17.3,7.2,2.8,1023.2,13.6,0.4,65.5,2.3,18.8,-3.5,4.5,1.7,0
16.9,76.9,1015.3,11.5,50.2,25.1,6.1,10.4,929.9,210.0,4.3,50.5,1.6,17.0,-4.1,12.7,3.9,0
25.2,86.5,1018.0,3.8,32.8,29.1,13.1,1.9,471.3,82.8,4.1,55.3,7.8,25.0,-2.6,6.6,-4.7,0
26.3,78.6,1019.7,13.0,73.7,12.7,22.6,10.6,605.3,53.3,0.2,75.1,2.9,27.8,-4.0,13.5,3.1,1
20.5,71.8,1017.2,1.5,3.7,39.9,10.7,0.2,557.2,235.4,0.5,40.0,4.8,22.8,1.9,8.4,0.6,0
28.2,42.5,1021.4,1.9,47.5,24.8,25.8,5.3,304.1,245.2,0.2,33.2,4.9,31.0,-4.7,2.6,0.5,0
16.7,98.1,1006.8,14.7,33.6,17.4,8.2,3.7,606.0,270.8,1.7,78.4,4.5,15.6,1.2,16.7,4.6,0
24.7,87.9,1007.4,10.1,92.1,6.2,20.7,4.9,36.6,181.3,2.5,70.4,7.3,26.5,-3.6,11.0,2.5,1
18.9,57.6,1002.0,12.7,1.2,12.7,14.5,6.3,158.2,321.9,2.7,32.6,5.4,17.2,4.5,13.3,3.5,0
21.7,98.8,1017.4,4.9,55.3,47.5,15.0,4.8,1063.9,337.1,1.3,42.5,3.2,22.0,4.3,7.6,-1.5,0
25.2,76.1,1020.8,10.1,74.1,15.9,17.6,4.6,902.0,290.7,4.6,39.1,6.9,23.3,-2.7,15.8,0.5,0
20.7,74.9,1017.6,8.9,48.5,9.3,10.6,8.1,507.4,228.8,1.8,20.4,1.4,19.8,1.1,18.5,1.2,0
23.1,84.9,1029.7,9.0,8.5,23.6,20.1,7.5,620.6,109.3,0.2,77.0,4.4,25.7,-4.7,17.8,-1.8,0
30.0,88.7,1012.9,10.2,97.2,16.0,21.5,9.2,444.0,353.9,1.5,38.3,7.6,27.9,4.3,19.0,0.7,0
22.1,79.4,1019.7,8.6,51.8,2.7,17.7,2.7,888.9,98.7,2.7,71.3,5.0,22.9,0.2,10.4,-2.6,1
29.2,47.7,1002.1,6.4,61.4,16.8,19.7,6.7,941.0,73.0,2.0,23.3,6.5,29.8,-4.6,9.0,-3.6,0
19.4,60.3,1009.1,4.1,23.7,27.7,9.1,6.4,915.9,159.2,1.4,48.4,5.2,17.1,-1.6,4.9,-1.3,0
27.6,95.7,1020.0,11.5,48.3,28.0,18.4,4.1,867.1,20.5,0.7,11.7,6.7,26.6,-4.2,19.3,2.4,0
32.2,53.5,1021.5,3.4,42.9,18.5,20.6,5.3,245.4,352.3,4.1,63.5,7.6,32.6,-1.1,4.1,4.2,0
12.6,62.3,1010.1,10.4,7.5,22.9,6.2,3.5,405.6,211.8,5.0,50.7,2.2,10.7,1.7,16.0,-0.4,0
21.0,65.9,1012.3,3.5,10.6,48.3,9.1,1.6,563.8,200.5,1.6,53.8,1.4,22.8,-0.3,6.0,1.4,0
27.9,66.4,997.8,9.4,83.7,19.5,20.3,2.4,397.0,236.1,1.9,13.6,3.9,30.7,-1.2,11.8,-4.0,0
24.0,76.8,1009.4,11.2,24.0,13.7,15.7,1.2,905.9,178.9,3.1,24.8,5.6,22.3,-3.8,21.1,4.0,0
26.9,96.6,1021.9,3.3,19.5,12.9,16.5,7.5,395.2,11.5,3.6,15.2,1.8,25.0,-2.6,10.9,0.7,0
22.0,54.4,1018.8,0.9,50.5,23.4,19.8,7.3,165.9,220.4,2.0,30.2,0.0,21.7,-4.0,9.3,2.8,0
25.4,47.3,1018.0,2.0,76.9,38.2,14.9,10.5,478.8,257.8,4.5,53.9,2.7,26.9,3.1,7.7,2.9,0
24.2,51.8,1013.5,9.1,6.2,11.1,14.2,8.0,1175.9,150.0,2.8,49.6,7.8,22.9,-3.6,17.8,-2.4,0
30.8,93.2,1013.1,12.7,57.7,35.8,24.8,0.6,271.1,272.6,2.3,52.9,5.6,27.9,1.0,19.2,0.3,0
26.3,78.7,1006.4,0.7,11.9,2.0,23.2,9.7,734.6,81.7,3.2,48.4,3.2,26.5,-1.6,10.2,4.6,1
26.7,57.2,1020.0,11.0,3.6,21.5,23.5,9.5,519.6,79.7,4.8,29.1,1.5,29.4,-2.7,13.8,-4.1,0
22.9,89.0,1017.2,5.1,5.3,39.0,8.9,4.9,85.2,58.1,4.0,27.1,2.8,22.2,1.4,11.1,1.8,0
22.6,91.7,1017.9,7.2,83.4,17.6,11.6,6.4,585.5,133.9,0.2,19.6,1.4,22.1,-0.4,14.1,4.6,0
22.8,90.8,1007.7,13.9,11.8,28.6,19.1,10.7,842.6,304.9,1.7,69.4,0.9,25.6,-1.0,17.8,-2.0,1
27.0,95.1,991.5,5.0,4.5,11.0,20.4,5.9,615.9,298.0,2.4,53.2,7.3,28.2,0.9,13.8,3.6,0
22.9,55.1,1024.0,7.0,43.8,37.4,13.2,10.0,1046.5,137.8,1.6,23.1,8.0,24.2,-0.1,16.8,4.3,0
26.4,85.3,1008.2,0.2,84.4,3.6,13.5,0.9,346.7,212.1,3.5,22.4,1.3,26.8,-2.0,5.1,2.5,1
35.4,67.6,1004.4,1.2,26.2,42.8,32.8,2.1,103.5,259.5,4.1,71.1,0.4,38.2,0.6,5.1,-2.7,1
29.4,90.5,1019.9,3.9,42.2,10.7,24.3,4.8,1123.9,86.8,3.7,62.0,2.6,30.5,1.7,8.6,-1.7,0
23.4,83.7,1009.1,0.4,4.0,43.8,9.8,6.4,453.8,60.5,4.9,56.2,3.7,25.8,-4.7,8.9,-4.6,1
31.0,86.6,1023.6,9.5,44.9,18.3,28.9,9.0,691.7,350.0,1.4,38.5,1.6,32.2,-0.3,16.0,3.3,0
23.0,79.4,1019.2,6.4,57.8,36.4,18.4,10.9,950.4,222.3,4.4,28.3,2.4,24.4,-4.4,6.8,3.5,0
14.8,50.6,1019.8,8.2,57.1,16.6,0.3,4.3,389.2,353.3,3.8,78.6,1.6,13.5,-3.1,13.6,1.3,0
20.0,72.7,999.3,2.6,33.2,45.4,10.0,0.5,859.4,121.6,1.8,65.8,6.2,18.8,0.6,2.8,-1.5,0
15.6,99.1,1025.1,4.4,31.6,7.2,10.2,8.8,162.5,253.1,3.7,31.1,5.7,17.3,3.7,12.2,-4.2,1
23.2,96.2,1015.6,10.0,10.7,9.7,20.3,6.6,349.6,80.1,0.5,69.3,5.1,22.0,3.8,13.3,2.5,1
25.1,42.6,1009.3,14.5,36.7,25.2,22.7,2.2,173.7,94.0,3.9,63.1,3.1,25.5,-4.3,19.2,2.3,0
33.4,49.9,1014.4,0.8,9.9,5.0,28.2,5.4,973.5,184.3,2.7,30.8,7.3,31.9,-0.8,8.8,4.1,0
26.6,47.9,995.2,13.4,76.7,10.6,13.1,8.2,267.2,115.1,1.5,39.9,7.8,28.5,0.8,13.9,2.3,0
23.9,83.6,1017.1,8.7,96.6,47.2,16.5,8.5,860.9,60.3,3.3,23.0,1.4,21.6,-3.5,10.3,3.3,0
29.1,89.1,1002.7,8.5,97.0,48.8,17.7,5.5,1132.0,94.6,3.2,17.8,1.8,31.1,2.7,12.5,2.5,1
13.9,52.8,999.5,7.5,86.5,19.4,-0.0,3.4,633.3,12.9,1.0,60.6,4.2,14.5,2.4,9.8,1.3,0
26.2,70.4,997.8,1.0,60.1,46.2,18.9,10.7,648.0,253.6,0.2,28.7,0.7,24.3,4.0,4.4,-0.7,1
28.9,90.4,1024.1,1.3,70.1,27.7,24.4,7.3,553.2,177.2,2.2,67.4,3.5,29.2,-4.9,11.3,4.0,1
17.6,84.0,1006.7,9.0,28.5,14.2,8.9,4.5,391.1,33.9,2.8,79.7,4.7,16.3,-2.8,17.3,1.5,0
30.7,72.5,1028.3,5.1,63.1,35.4,16.9,3.1,570.8,61.8,4.4,15.4,4.2,29.6,3.3,13.9,-1.0,0
26.7,75.4,1007.6,13.8,45.6,33.3,14.2,8.0,723.4,36.9,4.6,43.1,2.6,25.8,1.7,23.2,-4.2,1
22.9,70.5,995.9,6.1,48.2,49.5,20.0,2.7,1183.2,220.5,2.6,66.1,4.3,20.3,3.9,9.5,-2.1,1
28.2,57.9,1001.8,2.1,75.8,14.0,17.2,1.9,1125.3,33.9,3.8,65.2,7.7,31.1,-4.4,5.1,0.4,0
36.4,73.9,1025.4,10.7,28.2,33.9,27.0,5.8,1034.6,271.5,2.2,63.2,1.6,33.6,1.0,13.0,-2.2,0
25.9,81.3,1011.4,4.4,31.8,3.5,12.1,3.2,1067.0,7.4,3.7,34.4,5.2,26.9,0.7,12.7,-2.8,1
26.2,92.4,1007.5,7.9,92.5,6.6,22.6,6.9,561.4,89.8,1.0,41.8,0.3,25.4,-4.6,14.7,0.3,1
22.7,78.2,1014.6,10.5,5.6,1.2,13.8,1.3,788.9,320.6,1.9,51.6,0.5,23.6,0.1,12.9,-3.3,1
20.8,85.7,1018.0,13.5,48.6,50.0,7.4,7.2,1074.1,258.7,3.2,78.2,4.4,19.9,1.1,17.3,3.0,0
29.2,49.6,1024.2,11.9,91.3,40.3,21.9,3.1,471.5,26.3,0.1,32.9,0.8,30.2,-3.1,17.0,-0.2,0
20.7,67.7,1027.5,10.1,61.0,39.5,12.4,0.0,1154.1,295.6,3.6,74.6,0.2,22.1,-2.3,15.4,0.7,0
25.4,40.6,1009.4,10.2,54.6,26.0,22.5,1.4,498.9,177.5,4.2,28.9,1.4,26.5,1.4,19.1,-3.5,1
22.6,54.8,999.7,14.2,25.0,15.7,17.0,10.3,721.3,304.8,2.0,79.2,4.5,20.3,-0.3,18.0,-1.8,0
27.4,83.6,1008.9,4.4,34.3,8.4,21.2,9.5,851.8,216.3,2.2,56.9,5.6,28.3,3.6,13.5,-0.9,1
26.7,99.5,1015.6,0.0,85.2,14.9,12.4,2.6,1140.7,245.5,4.3,42.4,1.6,25.4,-1.6,4.4,3.1,0
30.2,46.0,1003.4,4.1,55.9,19.4,24.5,8.6,293.5,357.7,3.9,52.9,5.3,27.4,-2.3,11.6,2.7,0
22.4,64.1,1003.4,3.3,51.5,38.1,14.4,6.7,895.4,83.6,1.4,29.1,1.5,21.9,4.8,12.6,-2.8,0
23.7,88.0,1016.4,9.9,10.0,27.4,13.0,10.7,625.0,224.6,1.6,29.2,4.9,23.3,4.1,19.0,1.2,0
20.1,52.2,1012.5,9.5,1.6,4.8,16.0,4.1,322.3,165.7,3.4,17.9,3.3,19.9,-4.7,10.1,-2.6,0
22.8,73.3,1013.3,8.9,96.4,1.9,14.5,7.5,931.9,14.2,2.8,18.0,5.2,24.0,2.7,11.0,4.9,0
26.9,84.0,1005.4,0.2,37.7,6.0,15.3,0.7,662.7,5.2,0.8,34.3,8.0,25.8,-3.9,5.0,4.5,0
28.8,77.0,1010.7,10.9,60.3,21.1,15.5,4.4,793.2,42.9,1.5,63.4,7.5,27.7,-4.7,15.2,0.6,0
20.4,51.3,1003.8,4.9,8.0,46.7,10.3,10.6,387.5,233.7,4.5,52.6,0.0,17.8,-2.3,11.3,2.0,0
29.3,61.3,1021.9,10.0,68.3,32.2,18.6,5.9,577.5,204.2,3.4,17.2,7.1,30.4,-2.3,19.4,3.0,0
31.8,87.0,1023.4,8.3,93.3,40.3,28.2,3.2,740.8,199.2,4.9,69.7,0.5,32.2,3.2,9.4,2.2,1
27.1,73.3,994.5,5.1,57.6,23.9,12.8,1.3,485.9,11.5,3.8,52.1,7.6,26.2,2.1,9.6,2.0,0
34.4,40.3,1003.7,2.0,12.6,18.7,30.7,7.7,238.0,168.9,4.7,77.3,2.3,35.6,4.8,3.9,4.6,0
21.1,85.7,998.0,1.4,58.2,6.3,9.0,7.1,1154.0,332.9,1.1,56.9,3.1,21.3,2.1,10.3,1.0,1
18.8,42.1,1006.5,12.5,76.6,43.9,13.4,4.1,613.8,143.1,3.9,22.3,0.7,18.6,-0.8,22.1,1.4,0
16.1,84.7,1012.2,13.8,40.6,39.4,2.0,10.5,880.7,225.0,0.1,43.2,0.9,16.2,2.0,18.6,3.5,0
32.5,52.1,998.5,9.7,88.0,9.2,21.1,0.2,493.3,280.7,3.4,55.4,5.8,33.3,5.0,10.7,1.7,1
28.3,97.5,1003.8,1.6,64.9,26.1,16.5,3.3,426.2,282.2,2.3,12.0,7.6,29.3,2.1,9.5,2.3,0
24.7,62.1,1003.0,6.0,89.9,24.9,19.9,10.1,488.6,186.9,1.7,11.0,4.9,23.4,2.6,13.0,-2.7,1
26.4,59.6,1015.1,10.9,62.4,31.6,18.6,3.5,491.0,308.9,4.3,19.1,5.7,24.2,4.4,14.4,-1.3,0
19.4,48.9,1013.7,11.7,13.1,47.4,9.4,2.8,653.0,140.9,4.3,27.6,6.1,17.3,-3.9,20.6,-3.5,0
37.2,58.3,1005.8,1.8,31.0,29.4,25.2,5.9,652.2,319.9,0.1,40.1,2.1,38.0,2.0,11.6,0.1,0
25.6,92.6,1014.8,0.0,20.2,27.5,22.2,9.1,596.6,86.5,3.0,44.1,0.4,27.8,3.5,5.6,-0.4,0
25.5,99.8,1007.5,10.7,90.9,3.5,11.0,1.1,161.7,100.9,1.8,19.7,0.0,25.0,4.5,16.4,5.0,1
28.6,62.1,1010.3,5.3,76.0,4.1,15.0,10.4,595.3,19.1,2.1,57.1,2.8,26.6,-2.9,8.3,1.1,0
27.4,66.9,1029.7,3.8,67.6,10.2,21.9,8.7,202.9,286.4,4.2,51.7,1.9,28.9,0.0,9.6,2.9,0
26.1,83.3,1026.4,0.2,30.1,2.6,13.4,2.0,151.4,150.1,1.5,30.6,0.5,28.1,1.8,4.6,-1.7,0
21.0,93.2,1000.0,8.1,18.4,37.4,12.3,7.8,1119.2,82.5,4.7,11.0,1.4,23.3,-2.5,11.1,3.3,0
27.4,75.6,1021.3,12.8,75.6,36.4,19.4,4.2,725.9,83.4,0.9,15.4,1.0,28.0,1.0,13.5,1.2,0
34.4,63.5,1021.1,14.4,47.4,7.7,28.3,4.4,791.4,324.5,3.3,37.4,7.3,36.6,-2.4,16.9,2.0,0
31.7,64.8,1001.5,8.5,22.6,42.0,22.1,8.6,482.2,300.2,3.4,20.8,1.1,28.8,-1.7,10.5,-2.1,0
33.0,81.7,1021.2,7.7,61.7,8.6,21.5,10.6,1090.8,199.3,1.3,36.4,4.3,30.6,-0.6,13.1,0.5,1
22.4,40.2,1028.4,1.3,4.0,15.8,15.1,1.4,765.5,221.8,1.6,54.0,4.7,20.0,0.3,7.3,1.3,0
20.1,77.2,1001.8,8.2,32.6,13.2,9.9,4.6,923.0,170.8,4.2,48.3,4.3,21.4,-0.5,14.3,0.9,0
24.4,61.3,1003.8,5.7,46.9,19.2,13.3,5.3,442.3,141.0,3.8,26.2,0.8,21.8,-0.1,9.6,4.2,0
25.3,87.7,1023.2,9.1,14.8,13.5,14.1,4.1,1152.0,329.6,1.6,34.1,2.6,25.3,-2.0,13.3,4.0,0
30.5,45.6,1015.7,5.8,98.5,25.0,27.8,4.0,984.6,45.2,2.7,53.0,0.4,30.3,-3.4,14.1,4.7,0
16.5,75.3,1018.5,3.6,20.9,21.0,3.3,0.6,1024.7,150.6,0.3,70.3,3.2,15.4,-4.5,8.4,1.7,0
32.6,68.9,1016.4,1.4,13.0,49.3,24.6,7.5,206.6,124.0,1.0,62.7,1.5,34.8,-3.0,11.3,4.7,0
24.2,78.5,1016.9,4.7,20.4,3.7,18.8,4.8,325.2,179.3,2.4,48.7,4.5,22.2,0.8,9.1,3.3,0
22.9,43.9,999.7,1.4,76.9,8.0,17.8,2.1,342.8,164.7,0.4,35.4,5.5,22.0,2.9,7.9,-2.3,1
19.9,74.8,1023.5,2.7,42.6,3.6,11.6,9.0,325.1,186.8,4.2,35.6,4.3,21.5,-3.3,3.2,-0.7,0
16.7,73.7,1024.7,14.8,56.5,31.7,3.2,8.8,1026.5,50.4,3.6,71.6,3.5,13.9,-3.9,21.3,-2.6,0
29.1,73.6,1010.7,6.7,2.1,3.7,22.2,5.4,38.3,184.7,4.7,12.7,3.1,30.1,2.5,15.2,-5.0,0
25.4,76.2,1012.6,8.0,3.4,42.0,13.7,3.3,91.3,87.3,3.5,79.2,6.7,27.3,-1.9,17.4,-3.1,0
18.6,80.6,997.7,13.1,44.6,26.1,15.3,7.0,328.7,66.4,4.7,56.5,1.8,21.2,4.5,23.1,-5.0,1
18.5,88.3,1018.1,14.9,81.7,26.8,10.3,3.2,239.8,23.3,2.8,57.7,5.9,20.8,2.1,17.7,2.2,0
23.3,56.2,1018.7,8.7,88.5,28.5,8.4,2.6,278.2,274.6,3.0,12.7,6.1,22.2,-1.7,14.5,-0.7,0
33.3,89.5,1012.4,12.2,8.7,9.4,21.3,8.0,957.5,153.9,4.9,52.4,3.4,33.8,-2.1,16.7,-1.9,0
23.7,69.9,1024.2,4.9,53.8,10.7,19.0,0.4,675.8,225.6,3.2,43.9,2.4,21.2,0.2,10.5,2.6,0
17.5,44.6,1009.7,4.6,91.3,16.6,9.0,1.0,6.9,261.9,0.2,17.4,3.8,16.0,-4.2,6.2,3.3,0
23.8,43.5,1018.6,6.0,38.8,30.1,18.8,0.1,515.2,244.6,3.6,29.5,0.7,21.4,-3.8,14.6,4.8,0
23.6,60.1,1002.8,10.1,83.0,11.3,16.3,1.7,489.5,169.4,4.5,72.3,0.4,22.5,-3.2,19.2,1.4,0
11.5,87.1,1012.8,10.2,13.4,6.7,-0.6,0.8,136.7,139.6,4.0,48.5,0.9,13.8,2.7,14.7,-0.4,0
24.7,82.5,1011.3,4.7,93.5,48.5,12.7,11.0,811.4,135.3,2.9,38.9,1.5,23.8,0.1,7.5,-1.9,0
23.8,87.3,1015.3,2.0,75.1,2.1,18.8,3.2,842.5,230.4,3.4,15.1,4.0,24.2,-4.9,3.4,-2.8,1
28.5,71.0,1009.3,9.5,94.1,40.3,14.5,1.6,865.1,178.1,5.0,60.0,6.8,28.1,1.7,16.3,-2.9,1
34.2,66.4,1011.7,1.9,67.7,39.6,24.5,2.7,874.2,305.7,0.5,59.2,1.9,34.0,-0.8,5.0,-0.9,0
30.6,48.8,1021.3,8.7,36.3,15.6,23.7,10.3,0.1,314.9,3.3,53.0,7.5,33.4,0.1,17.8,4.9,0
23.7,59.7,1008.6,10.4,93.8,7.6,15.2,5.7,1144.7,61.4,1.4,45.7,7.6,22.5,-2.9,17.1,-5.0,1
19.5,66.0,996.9,10.5,27.6,8.1,9.6,4.0,977.1,49.0,3.2,40.4,7.7,20.3,0.5,17.0,-3.0,1
37.9,45.3,1030.5,11.3,33.2,35.2,28.6,9.6,1084.8,226.9,3.0,51.5,6.7,37.4,4.8,16.9,-3.1,0
25.3,53.2,1026.8,13.1,70.1,32.5,17.0,4.3,18.8,108.4,0.8,26.3,2.9,22.7,-4.3,13.6,2.2,0
25.1,75.9,1000.1,7.5,76.5,39.4,16.5,3.7,1120.6,6.7,1.0,75.9,0.6,25.0,-2.2,16.8,-1.5,1
24.9,84.1,1019.9,11.0,92.9,46.9,20.6,2.3,971.7,319.9,3.1,51.2,4.6,26.8,-2.6,17.3,-0.4,1
26.0,99.9,1008.0,9.3,20.5,34.9,13.4,4.2,1004.7,81.7,0.6,31.8,4.5,23.6,-2.5,19.2,-3.5,1
24.3,96.0,1015.6,2.8,79.8,8.6,15.3,3.5,111.9,334.5,1.3,41.5,6.8,21.7,-1.2,8.2,-1.0,0
22.1,78.6,1015.9,0.4,73.9,12.9,18.4,7.5,886.5,258.3,4.2,66.4,8.0,20.0,3.2,7.5,-4.0,1
22.3,65.3,1010.7,4.3,6.4,42.3,10.3,3.2,1151.9,274.6,1.6,21.3,4.1,23.9,4.1,4.9,0.3,0
24.8,78.2,1005.2,6.6,38.7,11.3,10.7,6.3,814.3,72.5,2.4,30.5,2.8,26.1,-3.0,12.9,-4.0,1
22.3,87.1,1006.1,9.3,28.3,4.6,8.0,0.7,684.7,84.3,4.7,57.6,1.5,22.7,0.4,16.9,2.9,1
21.4,47.1,1003.8,12.7,30.4,35.5,14.6,2.1,1134.8,187.7,1.1,32.1,0.0,21.2,1.4,20.5,0.7,0
25.5,64.6,1004.7,2.9,98.3,20.7,21.7,4.5,531.5,62.0,1.9,65.5,4.1,27.8,0.2,10.6,2.2,1
23.7,90.4,1012.3,1.9,64.3,46.1,15.0,10.3,719.2,110.0,3.0,19.1,4.4,25.3,-0.7,4.2,-0.8,0
32.5,63.0,1005.8,14.5,71.8,32.9,29.0,4.1,571.6,115.7,3.8,63.4,6.6,34.4,-3.1,24.3,-1.2,1
11.7,74.3,1019.8,1.6,97.7,5.4,-2.4,7.3,1119.4,57.5,4.5,14.8,4.0,13.6,-0.1,11.6,-4.0,1
30.5,75.3,1027.9,7.2,37.7,47.4,26.1,2.8,91.3,73.9,4.6,10.9,7.3,31.4,-1.0,8.0,0.2,0
31.2,51.1,1007.2,8.8,80.2,13.7,25.9,1.4,601.3,283.9,3.9,72.9,5.0,30.9,3.0,18.2,0.1,0
14.6,61.7,1015.4,8.1,43.5,17.5,7.3,0.6,824.3,60.2,1.1,50.7,6.7,16.8,2.6,11.0,-0.3,0
23.3,60.1,1018.0,1.3,87.0,20.7,16.3,3.4,950.3,10.2,0.1,34.6,1.2,25.9,-3.7,8.2,2.4,0
23.1,41.6,1017.7,0.9,18.1,3.5,10.8,1.7,699.6,226.6,1.9,26.3,6.8,20.2,-4.1,4.3,3.3,0
18.0,41.5,1013.8,1.6,94.8,25.3,10.1,1.9,1090.7,351.4,0.7,53.2,5.4,15.3,4.1,11.3,2.5,0
21.1,89.9,1020.4,8.8,21.9,7.0,16.9,8.4,1130.4,119.2,3.6,45.6,1.4,23.9,0.4,9.8,-3.6,1
19.4,56.4,1017.8,8.2,32.6,20.6,13.9,0.2,77.2,42.7,3.3,79.4,1.5,18.1,3.6,13.2,1.2,0
33.8,71.1,1000.6,3.5,75.6,18.2,25.2,6.1,482.8,205.3,0.2,78.8,7.4,36.0,-4.4,7.8,-4.2,1
29.7,57.9,1021.7,9.6,39.4,38.9,25.8,4.2,28.2,326.3,4.2,54.5,0.3,29.0,0.3,12.9,1.9,0
31.4,96.4,1021.9,12.3,60.8,40.4,21.4,5.6,395.3,282.3,1.2,41.0,3.7,29.1,0.4,18.8,-1.2,0
28.6,55.6,1005.4,0.6,44.5,8.5,19.2,6.2,644.2,224.1,2.2,44.4,2.5,26.1,3.6,1.9,-3.7,1
19.4,65.8,1013.4,7.5,74.2,19.0,8.1,3.4,1093.0,113.4,3.3,57.8,5.3,17.3,-4.0,14.7,3.6,0
22.4,92.4,1019.8,10.3,22.8,19.3,8.2,3.2,1015.9,195.1,2.1,17.1,6.7,20.9,-2.6,20.1,1.1,0
27.4,90.5,1010.9,3.8,5.8,8.4,13.5,8.1,153.0,32.8,2.2,33.0,2.9,27.3,-0.9,11.8,-1.5,0
18.9,51.2,1023.7,4.6,30.0,40.1,4.6,9.6,111.6,244.4,0.3,15.3,3.4,20.1,3.7,13.2,-4.7,0
28.6,88.2,1036.6,9.2,47.4,35.7,23.4,2.1,707.1,261.0,2.0,15.1,7.9,31.5,4.4,12.8,0.4,0
23.8,67.5,1005.1,13.5,16.8,10.3,20.1,1.1,638.5,347.4,3.8,23.7,6.3,23.4,4.9,16.7,4.2,0
23.1,69.0,999.2,12.1,35.5,19.0,17.2,9.9,319.7,93.7,4.6,44.0,7.2,23.2,4.6,17.3,1.0,0
28.6,48.0,1016.0,8.7,40.0,6.2,15.0,3.8,1079.3,6.6,2.1,64.9,3.5,28.7,-4.9,9.2,4.7,0
27.2,44.8,1020.2,11.0,5.7,31.8,12.6,6.1,1112.8,196.4,2.1,44.0,1.9,27.4,-4.5,20.5,-3.6,0
23.2,83.7,1010.7,5.5,58.3,6.9,10.0,4.0,483.1,254.4,3.5,33.5,3.3,23.3,-3.5,6.9,0.7,0
30.8,69.8,1027.5,9.6,88.4,49.3,27.4,1.4,1068.4,284.5,4.7,15.8,5.7,27.9,-1.5,18.6,3.0,0
19.6,66.2,999.6,7.0,15.2,39.3,5.3,6.5,460.7,69.7,1.3,48.5,0.9,16.6,3.3,7.8,0.3,0
28.1,83.8,1019.9,2.8,59.8,20.1,20.6,5.8,884.2,94.2,2.2,29.0,2.2,25.7,3.9,11.0,-4.1,0
28.0,85.9,1006.9,10.5,66.5,29.3,25.9,2.2,571.1,184.5,4.0,53.0,0.4,25.6,-3.1,12.0,0.8,1
23.5,49.5,1030.2,8.3,41.9,45.7,15.7,5.0,147.1,119.0,3.0,78.4,3.5,24.7,1.2,8.7,1.1,0
26.6,76.6,1032.9,5.4,70.1,28.2,24.0,8.8,1113.5,309.8,0.6,17.8,6.6,24.8,4.2,12.6,2.3,0
18.7,48.1,1005.3,13.7,41.1,9.6,9.6,6.5,544.9,170.6,3.1,24.8,0.2,21.1,-0.4,16.5,2.6,0
29.6,85.1,1007.5,0.3,50.5,19.6,23.2,1.1,881.4,287.8,0.9,43.1,5.4,32.2,-4.0,7.4,2.7,0
24.1,79.4,1021.6,4.7,0.7,42.3,15.9,6.0,440.6,209.0,2.6,77.8,7.5,27.0,-0.4,10.3,1.6,0
22.4,97.4,1009.1,0.9,69.2,32.6,12.4,7.7,22.7,278.3,2.6,64.0,1.9,25.0,-1.2,2.0,-2.8,1
30.2,44.1,1012.5,11.5,66.1,32.9,16.9,8.7,120.6,119.8,4.4,72.9,5.5,28.8,0.8,20.8,-1.0,0
21.5,43.4,1013.3,10.5,3.8,43.5,10.9,6.9,595.5,299.3,2.3,33.4,7.8,21.6,-0.6,15.0,2.8,0
18.0,56.9,993.8,5.0,36.8,44.8,10.4,1.7,828.0,98.8,1.4,79.4,7.7,16.1,-4.8,12.3,4.5,0
17.2,55.7,1012.9,10.1,97.9,46.1,4.5,7.8,401.7,196.6,1.2,17.2,1.9,19.0,4.9,15.1,-4.2,0
28.0,54.8,1006.1,5.9,42.1,5.6,14.2,7.5,834.6,77.0,4.4,13.7,0.8,30.3,0.4,11.9,0.4,0
18.6,94.4,1008.1,11.3,50.2,27.7,15.0,0.3,838.4,171.2,0.9,69.9,1.2,20.7,-0.3,14.3,-1.9,1
33.8,55.0,1027.4,6.8,91.0,37.3,24.9,4.5,844.7,114.5,2.1,74.9,5.6,33.4,4.5,8.8,-2.7,0
14.6,56.3,1000.4,6.2,71.7,38.1,8.9,3.7,591.0,96.0,0.9,16.3,5.8,16.2,-3.4,11.6,0.1,0
33.5,85.6,1021.1,14.0,58.2,30.7,30.9,7.4,1097.9,348.1,3.9,17.9,5.4,31.1,-3.1,18.4,1.1,0
26.1,67.0,1010.2,3.8,79.8,9.2,15.4,2.4,587.0,57.6,2.4,12.3,2.7,23.3,3.1,7.7,-4.9,0
24.5,86.6,1010.2,1.8,86.4,40.1,11.3,6.5,540.3,283.4,1.8,17.3,1.4,26.0,-2.4,8.5,2.8,0
22.3,43.9,1020.9,8.8,45.7,36.3,18.2,10.0,239.3,354.3,1.8,24.7,4.6,21.9,3.0,15.7,3.2,0
27.0,69.3,1016.4,14.5,47.5,5.2,14.4,8.8,369.2,7.2,4.3,77.9,3.9,30.0,-2.3,15.0,4.7,0
24.8,42.0,1018.7,5.7,38.6,23.7,11.7,10.1,50.8,251.6,2.8,56.8,5.8,22.4,-4.7,9.1,-3.2,0
30.5,43.8,1022.7,0.9,96.7,9.5,16.6,10.8,760.2,91.0,3.6,64.5,3.5,32.6,0.2,5.0,0.9,0
25.6,94.4,1009.7,5.1,69.7,17.5,20.2,0.1,298.2,14.6,4.5,64.3,2.7,25.5,-3.0,6.1,-0.7,1
25.8,48.4,1006.9,7.6,8.3,1.9,12.0,6.9,365.0,145.0,4.5,47.5,2.3,27.8,2.6,10.0,-1.7,0
23.2,71.9,1002.1,2.4,86.3,20.6,17.0,4.5,925.0,336.7,1.6,65.8,1.7,25.1,1.4,2.9,0.7,1
24.7,64.7,1004.7,9.9,48.1,27.9,15.5,9.5,392.7,4.2,4.8,51.7,2.1,27.2,4.2,19.9,2.8,0
26.5,60.8,1042.5,15.0,6.9,31.4,23.8,2.8,290.6,211.6,0.1,32.0,0.8,25.3,2.8,22.4,-4.8,0
16.4,94.0,1025.4,6.8,55.0,33.5,13.8,10.8,202.9,180.5,1.9,49.3,2.8,19.1,-3.2,7.7,4.7,0
18.3,41.3,999.5,5.3,41.7,42.0,6.9,6.8,929.8,314.4,4.5,47.3,0.3,16.2,3.0,5.5,3.1,0
28.7,79.8,999.8,6.0,87.8,11.6,20.9,8.7,155.6,30.2,1.4,67.6,1.5,26.2,1.4,13.2,2.5,1
25.9,97.8,1017.8,1.7,20.4,6.9,20.6,0.9,544.5,245.3,1.4,78.7,6.0,25.5,1.7,6.1,2.6,0
24.1,73.6,1018.5,13.2,82.6,42.7,19.6,2.0,608.3,244.8,1.5,38.8,2.6,26.1,3.3,21.1,-1.1,1
25.1,96.2,1018.5,6.2,55.8,8.7,14.4,8.3,824.9,240.9,3.1,63.4,5.3,24.9,0.7,15.4,2.5,0
26.7,43.1,1010.5,5.8,5.5,48.8,24.7,0.2,759.9,339.2,2.2,17.0,5.7,28.7,-0.3,11.8,-1.1,0
22.3,65.1,1011.7,9.9,97.2,42.3,9.8,9.0,972.9,296.3,3.6,64.4,4.6,23.7,1.4,11.8,4.0,0
21.1,55.6,1016.3,6.6,51.3,25.5,18.1,0.2,53.7,15.1,4.5,36.0,7.7,19.4,-2.0,14.4,-3.2,0
26.0,83.8,1013.9,9.7,29.1,49.1,21.5,7.2,355.7,169.6,3.4,12.8,0.2,28.7,-3.2,19.3,-2.1,1
20.1,98.9,990.8,0.9,46.9,5.8,13.1,4.0,336.2,143.3,1.0,35.4,5.9,17.5,1.2,6.7,0.5,1
27.0,55.4,1010.7,12.2,85.8,15.9,18.7,6.7,175.2,111.7,4.7,52.7,7.7,29.4,-2.7,19.0,-1.8,0
16.5,79.3,1004.5,14.1,30.5,32.3,9.9,7.7,347.0,162.5,1.3,18.3,6.9,15.3,-4.2,17.5,-0.8,0
30.1,51.9,1014.8,9.7,19.3,18.2,23.9,3.8,371.7,138.3,0.7,74.7,1.3,30.1,-5.0,13.5,-0.1,0
27.4,73.9,1042.9,14.3,12.9,46.5,12.9,1.2,626.3,155.6,0.4,15.4,2.6,26.9,1.1,21.6,3.6,0
26.3,67.8,1016.7,2.3,29.8,4.2,16.0,0.8,796.4,352.5,2.8,75.1,1.4,24.3,-1.4,11.6,0.2,0
29.9,98.3,1009.9,7.2,78.0,27.9,27.6,6.5,457.3,31.9,0.6,59.5,4.8,29.0,2.5,13.5,-1.4,1
33.3,76.5,1022.2,9.0,47.2,30.0,25.7,5.7,863.4,332.0,0.7,33.1,5.7,31.5,-1.2,16.9,-2.5,0
30.1,61.0,1017.8,8.7,22.7,33.0,16.7,8.2,403.4,172.9,1.5,37.4,2.5,28.3,-0.1,10.4,-0.9,0
15.8,46.8,1017.2,6.0,16.6,13.5,9.9,5.6,348.3,224.5,1.4,61.9,4.3,13.9,-0.9,8.1,0.2,0
18.6,49.1,1019.1,5.1,33.3,18.9,15.4,4.6,649.4,298.9,3.0,52.1,5.5,18.5,1.5,10.4,2.5,0
21.9,53.5,1033.6,1.9,94.0,42.3,10.0,4.4,28.5,129.8,4.1,57.0,3.4,23.7,-1.4,3.7,-3.8,0
25.1,55.1,1001.7,5.9,34.3,10.6,15.2,0.3,95.7,155.0,3.8,37.2,6.8,25.5,4.6,12.2,-2.8,0
27.6,91.0,1017.7,2.4,98.8,41.5,18.2,3.7,501.6,147.4,1.3,44.1,6.2,30.0,4.4,5.3,-1.2,0
21.4,73.7,1003.7,11.0,48.5,28.6,18.7,10.7,1131.5,134.9,1.2,79.3,0.5,22.2,3.5,18.9,-1.4,1
25.9,71.4,1018.6,3.1,17.9,38.3,22.1,9.6,865.8,333.2,4.8,25.0,5.0,27.0,4.2,11.2,-1.1,0
21.2,46.9,1003.8,0.9,89.1,36.0,11.1,3.6,105.8,298.4,0.0,39.2,1.9,22.2,-0.5,5.5,2.9,0
21.9,91.6,1008.8,8.3,46.0,11.2,17.2,6.5,1015.6,39.2,4.4,30.4,4.5,21.6,0.4,10.1,-1.8,1
18.0,83.4,1010.0,8.9,71.0,28.9,9.4,9.3,878.8,38.9,1.0,63.6,7.7,19.1,2.4,15.4,0.0,0
20.4,44.1,1022.8,13.1,98.4,43.5,11.3,4.9,733.1,154.0,4.7,63.5,7.0,17.8,2.0,23.0,1.2,0
18.2,82.5,1022.2,8.7,5.0,22.2,12.5,0.2,984.4,35.5,1.7,30.5,3.2,20.4,3.9,14.9,-2.7,0
20.1,72.6,1000.5,5.2,9.7,48.4,5.8,0.8,484.9,222.9,2.2,15.7,2.3,21.8,2.2,5.6,2.2,0
30.3,44.9,1013.5,12.0,72.0,23.2,17.3,5.6,265.8,51.7,3.5,10.8,1.9,28.8,5.0,12.2,0.5,0
20.3,67.5,1005.9,8.1,28.2,8.0,8.9,10.7,614.4,188.1,2.9,39.9,4.3,21.9,-1.5,11.3,-0.5,0
38.2,69.1,1000.4,1.2,18.4,20.1,35.2,7.6,658.6,2.6,1.6,38.7,0.9,35.3,3.3,3.2,3.1,0
27.5,49.9,1010.8,8.5,3.9,47.6,24.1,0.8,646.0,114.0,2.8,79.2,4.4,25.8,2.0,16.6,-2.6,0
25.9,96.7,1009.9,13.6,2.2,16.7,17.5,2.1,678.1,243.8,3.7,42.9,0.0,23.3,1.9,22.0,3.8,0
20.7,91.0,1037.3,5.9,77.4,43.5,16.6,8.5,1138.4,174.3,0.2,27.9,2.6,22.4,-1.7,8.5,0.6,1
28.5,80.1,1017.3,4.4,13.4,44.2,13.8,9.3,1082.7,352.2,0.1,72.4,1.8,30.0,2.9,7.7,1.1,0
22.1,67.7,999.2,2.2,46.8,18.2,18.0,6.8,1050.9,314.7,2.3,44.4,7.8,24.0,4.0,4.6,3.8,0
25.6,64.7,1007.4,2.3,60.6,5.1,17.3,7.1,961.7,129.3,0.7,51.9,5.8,22.6,-2.8,11.4,3.2,1
37.8,79.1,1023.2,6.5,42.8,36.5,31.1,0.3,1132.1,16.4,3.3,16.7,2.8,37.8,1.3,11.5,1.0,0
24.5,72.7,1033.9,8.9,2.7,16.3,14.2,9.1,118.2,304.4,1.1,36.8,0.7,25.7,-1.1,15.5,2.5,0
30.7,43.7,997.1,1.2,78.4,39.4,27.0,8.7,318.1,328.0,2.2,76.1,4.1,28.6,4.9,5.4,-0.7,1
21.5,70.8,994.2,14.1,1.1,22.7,13.9,2.8,594.1,295.4,1.0,51.3,1.7,22.4,-0.2,20.4,0.5,0
24.8,88.4,1031.7,11.3,76.2,24.8,19.2,7.8,1015.8,46.1,2.7,34.1,4.3,22.3,-2.7,15.2,-4.4,1
33.9,67.6,1016.9,8.8,89.3,39.1,20.4,2.4,606.2,359.2,0.6,53.8,6.7,32.0,-1.2,12.2,-4.1,0
21.9,43.1,1004.3,12.4,43.3,19.7,19.4,0.4,897.6,93.1,0.1,73.7,4.9,21.8,1.5,18.7,3.3,0
34.1,87.2,1018.3,1.2,53.6,22.7,20.2,2.2,166.8,260.7,0.3,29.2,5.1,35.0,-4.2,7.1,-4.4,0
28.5,52.1,986.6,7.2,47.7,19.4,15.7,2.0,302.9,326.9,4.8,45.4,4.3,26.4,1.0,10.1,-3.3,0
22.2,55.5,1013.0,9.5,38.9,19.0,16.3,3.7,878.1,84.8,0.7,77.1,7.4,20.3,4.3,11.0,3.0,0
28.2,49.9,1016.3,12.4,88.7,26.8,15.9,4.6,197.7,327.0,3.5,22.1,7.5,26.4,3.5,16.1,-5.0,0
29.9,59.8,1022.2,11.8,89.4,40.6,27.5,5.6,421.6,111.4,0.3,60.4,4.1,28.3,-4.3,16.0,-2.2,1
28.1,85.4,1002.9,4.2,33.6,18.7,13.5,5.2,317.8,351.5,0.5,53.0,2.4,26.5,4.9,10.5,0.8,0
17.1,71.2,1013.9,14.1,61.5,26.7,8.3,3.0,419.8,101.3,2.5,57.6,3.7,16.5,2.0,23.2,1.0,0
21.4,52.3,1003.7,1.9,92.7,33.9,15.5,0.3,850.0,343.2,2.3,34.6,1.5,22.3,-3.4,2.3,2.8,0
23.8,92.7,1015.6,13.1,96.2,14.2,17.1,6.7,441.4,19.3,4.8,32.0,5.1,23.4,-4.9,15.5,0.1,0
24.6,92.8,1004.0,14.6,50.9,14.6,21.7,4.4,666.3,255.3,4.7,57.9,4.0,26.3,-3.3,16.5,0.1,1
28.1,92.2,1008.9,2.7,45.3,46.7,13.2,3.3,119.9,191.6,3.9,25.1,0.8,29.4,3.4,7.7,2.3,0
25.9,54.3,1003.0,10.8,27.9,36.5,23.4,9.5,966.0,172.0,3.0,39.4,1.6,23.7,-4.8,15.1,-0.0,0
18.3,67.1,1019.5,0.6,95.9,29.3,7.8,8.2,443.9,80.5,2.3,23.2,3.8,15.6,-2.7,7.9,1.1,0
26.9,99.1,1021.6,6.1,14.3,32.7,19.1,9.4,778.2,254.0,1.8,10.6,7.1,29.2,2.6,8.5,4.0,0
28.1,86.3,1010.7,7.7,58.0,2.4,13.8,5.4,870.5,68.7,4.7,77.9,4.5,25.6,0.9,13.6,-1.0,0
27.8,41.6,1013.4,8.7,28.3,31.3,22.6,1.4,251.6,199.0,3.0,40.2,5.5,25.7,2.8,17.5,-1.1,0
30.4,43.9,998.5,14.0,27.9,26.0,21.5,7.7,1061.6,91.2,2.9,77.9,2.7,27.5,2.5,23.1,-5.0,0
29.2,67.8,1010.0,10.1,40.5,27.7,20.9,2.3,739.5,344.0,1.2,19.8,4.6,30.0,-4.5,19.7,1.1,0
27.3,94.6,1012.5,7.2,99.9,18.6,16.2,4.9,514.5,10.3,0.2,51.1,3.6,27.8,3.9,14.9,-4.7,1
24.6,72.3,1039.2,12.1,5.5,5.0,21.7,0.7,218.8,71.9,4.7,24.1,5.3,27.5,-2.7,21.2,0.0,1
16.7,69.9,1001.9,14.3,57.9,10.5,12.2,9.1,1130.8,87.2,1.6,65.3,0.4,19.0,0.5,16.6,3.0,0
27.1,46.3,1027.6,0.3,8.3,47.6,22.3,1.4,906.1,149.1,2.2,64.9,3.9,26.6,1.4,2.3,0.5,0
26.0,79.4,1023.0,14.7,15.5,21.0,14.4,9.9,249.6,83.8,0.6,17.9,2.4,25.2,-3.3,14.8,-2.3,0
26.4,89.3,1015.8,1.3,44.0,23.9,21.9,9.5,405.3,176.9,4.2,73.8,2.6,25.2,4.8,8.4,2.9,0
18.6,62.8,1030.6,12.2,51.0,3.6,9.1,5.1,971.6,314.1,0.1,23.6,7.7,16.5,-0.1,21.6,-2.3,0
19.6,86.5,1016.7,4.2,25.9,2.8,14.8,8.2,834.8,256.3,4.2,52.9,1.5,17.4,-4.4,6.1,2.3,1
30.3,97.9,1016.9,2.0,31.6,36.1,17.1,6.8,918.9,208.8,0.7,79.0,2.5,28.1,4.4,8.4,1.1,0
24.8,52.2,1012.5,6.6,8.7,27.4,10.6,8.8,529.4,32.0,4.4,71.8,4.1,22.5,0.9,14.1,-3.3,0
28.4,71.4,1025.2,9.7,30.3,25.9,19.7,4.7,859.8,249.8,3.6,77.0,6.9,26.8,2.0,19.0,4.1,0
25.1,57.2,1024.0,5.7,96.7,12.9,18.5,8.6,463.8,59.9,0.8,34.0,3.3,23.9,0.3,12.2,-3.0,0
25.1,87.6,1006.7,0.8,94.5,37.5,20.1,5.1,253.5,283.1,2.8,17.4,6.0,27.9,3.3,10.5,4.9,0
29.7,74.7,999.8,9.0,33.5,9.2,27.1,10.4,759.2,90.0,1.6,23.2,6.9,30.2,-4.7,12.4,-4.9,1
22.4,78.1,1011.0,13.5,57.1,10.3,16.9,5.4,1171.2,150.1,0.9,45.0,2.5,25.3,-2.3,17.0,-2.4,0
25.5,87.9,1005.0,5.7,91.0,23.6,15.0,5.1,372.7,126.2,4.3,65.5,3.1,24.7,-0.3,11.1,-3.0,1
22.7,63.8,1012.4,3.2,0.6,15.0,13.8,8.6,553.2,309.2,2.0,20.5,2.9,22.4,-4.2,7.0,-4.9,0
22.8,94.9,1025.4,6.6,81.1,13.1,8.5,9.0,808.8,45.6,2.0,56.2,6.7,21.7,2.1,6.6,2.3,0
23.5,72.0,1008.4,0.7,94.8,32.6,16.3,6.1,649.8,203.6,0.8,32.7,0.4,21.6,-1.1,8.0,1.9,1
26.1,49.5,1012.6,12.3,9.1,32.9,15.1,2.0,1012.1,51.1,1.9,33.9,2.5,24.0,-2.3,19.8,2.9,0
22.6,81.8,1013.6,12.4,16.1,41.4,14.2,5.1,914.1,253.7,4.4,56.3,5.4,25.3,-5.0,19.9,-2.4,0
31.3,87.6,1021.5,8.8,96.1,21.5,22.6,10.6,70.0,325.8,1.8,42.7,4.5,34.2,2.2,12.3,-0.6,0
20.5,59.0,990.5,5.3,53.8,4.6,15.0,8.3,1198.1,156.5,4.8,66.8,3.5,17.8,3.3,10.5,1.6,0
24.1,91.4,1006.9,12.0,1.4,14.4,16.2,8.9,902.9,175.7,4.7,20.9,4.3,22.0,-1.0,15.6,-0.6,0
22.8,94.4,1015.1,8.3,25.8,49.0,14.7,0.4,1036.7,333.9,0.7,65.3,1.6,22.3,0.6,8.5,2.0,0
32.2,56.6,1025.0,12.4,45.0,30.2,21.0,5.1,781.4,187.6,0.9,14.5,3.4,30.3,-2.7,18.0,1.3,0
26.0,99.0,1008.1,9.5,69.3,35.8,11.8,7.1,1027.5,175.5,4.3,23.6,4.0,25.2,1.2,10.7,-3.9,1
30.2,48.4,994.2,11.8,73.3,1.4,23.9,9.1,134.9,208.2,2.0,55.9,7.2,28.0,-4.9,12.6,2.8,1
17.6,52.1,1019.2,9.0,99.5,26.4,15.1,0.5,417.3,248.1,0.0,69.8,2.1,17.3,-0.1,16.6,2.2,0
26.3,51.1,1006.6,6.2,28.8,2.8,17.8,9.4,1051.7,38.5,1.4,27.7,6.9,24.9,1.4,6.3,1.6,0
29.4,93.6,1001.1,14.4,53.8,28.9,20.3,6.0,242.0,295.6,3.0,32.9,5.2,28.5,4.2,24.0,-3.4,1
25.4,79.3,1006.8,8.1,53.3,46.1,21.2,2.2,93.9,156.8,4.0,47.6,0.2,23.0,-1.2,13.3,-2.3,1
30.3,49.1,1011.2,9.1,40.6,48.5,18.4,3.5,945.7,26.0,0.7,24.8,5.8,29.9,2.7,18.9,-1.1,0
22.4,66.4,1007.0,3.3,16.9,27.5,7.6,3.1,1002.6,283.0,0.6,66.8,0.3,25.3,1.0,3.9,-2.2,0
32.0,76.9,990.9,9.4,97.7,23.5,17.7,5.8,195.2,135.7,4.6,64.2,8.0,31.0,4.3,15.2,-2.7,1
36.5,45.0,1022.0,8.6,85.3,47.3,31.9,0.6,1025.2,36.1,3.8,20.2,7.0,38.8,-1.0,12.1,3.1,0
23.2,92.9,1025.7,2.8,49.8,34.0,9.8,1.7,824.1,228.2,2.9,42.5,2.4,25.3,-1.8,11.2,1.4,0
22.8,88.2,1019.5,0.9,60.3,4.2,11.6,8.9,624.1,316.8,3.8,64.2,2.1,25.5,3.9,4.5,0.7,1
32.3,70.3,1001.6,9.1,22.7,23.8,24.4,1.5,996.3,319.6,2.1,33.6,3.1,34.0,-4.5,11.7,-2.7,1
32.9,98.0,1011.0,11.5,54.4,12.8,23.9,2.6,503.1,344.8,3.8,54.3,2.8,33.9,-3.6,20.1,4.2,0
22.4,65.1,1012.9,7.9,69.5,24.0,9.4,5.0,232.8,312.4,1.9,13.5,3.0,24.5,-4.2,11.6,-3.1,0
22.9,99.0,1019.0,3.4,51.5,23.3,14.7,5.7,341.8,0.8,1.2,52.6,2.5,20.4,3.4,3.6,2.9,0
23.6,80.1,1019.7,10.0,99.0,29.5,16.7,8.4,606.2,136.9,3.6,20.7,5.0,23.4,-4.9,13.9,4.7,0
18.3,78.1,1005.7,1.2,61.1,18.5,9.9,4.9,637.6,294.7,2.1,68.1,1.3,21.2,3.6,7.7,2.3,1
20.4,50.0,1013.8,6.6,37.1,9.0,10.9,8.7,966.7,131.9,4.9,34.9,6.8,22.0,-0.5,9.1,4.9,0
20.0,92.9,1017.6,2.5,77.2,25.7,15.5,6.8,949.6,216.6,1.7,29.7,6.5,22.8,-5.0,6.8,1.5,0
21.2,65.6,1027.6,2.8,17.0,41.7,7.5,1.2,697.6,218.3,4.6,68.9,3.8,22.9,-1.0,3.4,-2.8,0
24.8,49.7,1020.0,3.0,38.5,33.5,14.0,1.7,936.9,131.4,4.7,13.5,6.8,27.0,-3.1,8.9,-3.0,0
26.2,40.8,1020.9,5.8,34.7,17.6,16.0,4.8,230.1,325.6,1.2,37.8,2.0,27.4,1.2,13.4,-1.8,0
32.8,73.6,1013.8,0.8,43.2,46.8,29.5,4.4,60.1,181.2,4.0,35.9,0.1,34.4,1.8,4.9,-4.9,1
20.0,71.6,1027.1,6.0,78.2,45.7,10.1,8.2,1048.4,167.3,2.2,29.9,5.0,20.1,-0.1,10.2,1.8,0
29.9,83.2,1017.1,7.7,48.4,11.3,26.3,6.4,90.7,359.1,4.6,73.8,3.7,32.4,-4.6,8.6,-2.3,1
23.9,93.4,1004.4,7.2,79.4,2.9,20.9,4.3,296.0,177.7,2.3,62.6,4.5,25.9,1.6,9.2,3.2,1
24.8,44.8,1027.0,5.7,57.6,37.3,15.9,1.9,834.4,64.2,3.7,14.5,7.2,26.9,3.4,7.2,-1.4,0
28.4,83.9,1020.0,12.6,34.2,41.6,21.2,2.5,491.3,184.7,2.3,60.0,7.8,29.4,2.2,17.4,-0.2,0
19.4,51.2,1008.6,2.2,81.0,48.4,9.7,6.3,1051.6,293.0,1.1,46.9,5.1,18.2,3.3,7.5,4.7,0
26.9,91.5,1008.2,7.6,23.8,44.6,23.7,4.7,357.6,279.7,1.0,73.1,6.1,24.1,-3.0,17.1,-2.6,1
25.8,89.1,1016.0,0.9,22.4,30.4,18.2,5.7,14.2,283.9,2.1,31.9,0.7,28.4,3.9,1.6,2.2,0
27.5,72.4,1017.6,1.1,50.5,27.0,23.2,1.9,360.8,254.9,3.8,50.2,1.3,28.0,-1.8,7.1,2.6,0
26.4,82.6,1015.0,8.6,26.1,2.4,11.6,7.3,693.7,91.5,3.0,45.1,5.9,25.2,-4.9,13.9,-2.8,1
37.3,58.9,1016.1,8.5,0.9,13.1,28.0,9.4,451.1,310.4,3.4,44.3,3.5,35.2,3.4,13.7,0.0,0
21.8,68.3,1030.0,13.2,64.8,23.5,10.9,2.8,641.8,321.6,1.4,41.9,3.6,23.8,4.4,21.9,-1.5,0
22.3,89.3,1023.7,8.4,51.1,31.8,16.1,5.4,1051.9,69.9,2.4,24.4,2.5,24.3,1.6,10.5,2.7,0
21.9,67.6,1014.9,14.4,44.6,28.3,18.7,10.7,1095.0,47.0,0.2,62.9,4.9,23.8,-2.7,14.8,1.2,0
22.2,61.5,1022.4,0.7,96.7,37.4,7.5,3.7,319.2,351.2,4.1,41.6,1.5,23.1,-2.5,7.4,-0.2,0
21.8,69.7,1002.7,1.5,57.1,14.7,16.1,6.5,554.6,312.6,4.9,77.1,5.0,21.0,-0.3,5.0,2.8,0
30.9,89.7,1017.0,0.7,86.3,28.7,23.4,1.0,659.0,321.6,2.0,28.3,1.4,29.7,4.0,0.9,-2.6,1
32.1,60.1,1031.1,2.8,13.9,5.3,21.7,6.7,1138.9,319.1,0.1,57.8,0.5,29.2,-3.5,5.3,2.5,0
22.1,50.4,1010.8,8.1,56.9,21.3,19.8,1.0,1198.3,195.0,0.8,75.9,2.6,24.1,3.3,11.2,3.7,0
20.8,82.7,1004.5,9.7,86.8,37.8,8.3,10.6,282.5,232.7,3.3,56.4,1.8,18.3,-2.1,15.9,3.8,1
27.4,89.6,1006.5,0.7,58.3,35.0,18.4,7.9,872.4,196.3,3.1,71.0,7.1,28.2,3.1,2.4,2.8,0
22.2,46.0,1002.1,14.2,71.8,49.5,16.6,8.7,453.6,18.4,3.9,67.9,0.4,22.2,4.2,18.3,-0.9,0
28.2,54.4,1005.2,12.6,37.2,14.6,25.4,7.7,9.7,268.4,1.3,35.2,1.4,28.4,-0.7,17.4,4.8,0
26.0,48.5,1009.3,4.4,9.2,25.4,21.9,6.5,11.1,181.9,3.8,52.0,4.4,28.6,-1.3,9.0,-1.2,0
17.4,60.9,998.9,1.2,45.8,17.1,3.8,4.9,552.7,233.2,3.4,20.9,3.8,14.6,3.0,10.9,1.4,0
32.7,67.0,1013.2,2.5,39.4,22.6,21.8,9.4,586.0,181.0,1.6,47.5,0.4,34.3,0.3,3.0,-3.4,0
34.0,84.9,1022.0,1.9,86.7,43.0,28.8,10.5,27.1,177.1,2.7,26.1,0.1,31.3,1.8,11.4,4.8,0
21.9,79.1,1003.9,1.8,24.4,34.5,19.0,5.5,824.3,61.8,0.7,62.1,7.9,19.1,1.2,7.6,2.0,0
23.1,77.3,1028.2,7.8,96.7,44.2,12.1,10.2,352.8,100.3,2.3,47.0,5.3,22.7,-3.5,15.8,2.5,0
26.4,61.1,1018.1,3.7,95.8,11.0,17.0,6.4,671.9,57.2,4.4,38.8,2.9,23.8,3.4,8.0,-4.3,0
26.7,90.5,1023.3,5.4,24.8,43.8,19.4,5.9,361.1,70.4,2.1,28.8,3.8,28.4,-3.0,9.9,2.6,0
28.3,68.3,1006.4,14.8,34.8,3.9,21.6,5.0,200.6,350.3,4.2,79.9,2.1,28.5,4.3,23.6,2.7,0
35.1,98.7,1021.5,10.3,89.6,44.5,30.3,2.3,488.6,55.1,3.0,15.0,2.8,32.3,-2.5,19.3,1.7,1
24.1,78.0,1002.1,14.2,96.7,17.1,13.4,0.0,278.7,96.9,1.0,13.0,5.2,21.3,2.3,16.6,-2.1,1
21.0,47.6,1021.9,2.1,44.3,16.4,6.4,2.7,641.8,212.6,2.9,25.2,7.1,21.7,-2.2,4.1,-0.1,0
18.1,80.6,1014.7,5.7,32.1,26.1,13.8,5.6,238.6,219.7,2.5,78.0,1.5,19.9,-1.8,10.7,-3.9,1
21.3,59.5,1018.5,8.3,52.6,47.1,11.5,4.2,610.1,55.4,2.0,78.5,6.7,20.9,-1.9,17.3,-0.3,0
24.8,81.2,1001.2,1.2,68.8,3.3,17.3,4.9,188.9,285.7,0.6,55.8,1.0,25.1,2.5,4.4,-2.6,1
34.0,44.2,1004.0,0.1,27.3,18.3,26.2,10.8,805.2,282.7,2.1,71.6,1.7,35.8,0.6,6.6,-1.5,0
22.4,50.5,1019.0,10.1,73.6,43.0,17.1,3.9,904.7,85.4,0.4,25.0,0.3,23.1,3.8,17.2,-3.4,0
26.1,91.3,1003.5,9.6,5.2,20.4,13.4,5.0,132.5,103.9,0.5,78.0,1.1,24.4,-1.9,17.4,-2.7,1
24.9,53.6,1017.6,6.2,4.9,10.8,16.6,1.5,561.4,337.7,2.1,20.0,7.3,25.6,1.9,11.8,-4.2,0
30.9,90.2,999.3,7.3,38.6,21.8,21.8,0.5,85.0,297.2,1.5,17.1,3.7,31.7,2.5,11.3,4.2,0
37.6,56.8,1021.5,6.2,35.3,19.9,31.6,8.5,717.8,251.2,4.6,17.9,0.6,39.0,-3.5,15.9,0.3,0
22.3,78.6,1000.7,0.4,31.6,45.9,17.9,6.3,317.3,29.6,1.9,50.1,7.7,23.0,-1.0,6.5,-1.0,0
22.6,81.6,1018.5,5.0,49.1,38.3,19.5,8.4,633.1,150.6,3.8,64.7,7.0,25.4,-0.2,12.3,0.4,0
30.2,70.8,1019.3,2.7,32.1,25.8,18.9,1.6,621.0,201.3,2.7,35.7,6.0,28.4,-1.4,6.1,1.3,0
28.4,58.3,1006.0,1.5,19.2,49.4,23.8,6.3,1109.2,67.5,3.5,78.5,7.5,31.1,-1.8,8.2,4.2,0
34.2,52.8,1018.8,14.4,30.9,23.8,23.2,2.8,658.9,161.4,1.3,40.4,1.8,34.4,1.9,17.0,-3.2,0
27.9,42.0,1015.6,9.0,97.5,3.9,20.8,2.5,699.6,216.4,4.7,20.5,6.7,28.9,-2.8,11.5,-2.0,0
23.2,58.2,1007.6,10.9,41.1,13.9,15.8,0.1,482.0,117.9,2.7,42.6,5.5,20.8,2.1,18.0,4.8,0
28.0,79.2,1002.9,4.7,44.5,22.4,19.9,1.4,1138.9,281.1,4.2,57.5,7.0,27.3,4.4,9.9,-1.3,0
30.5,96.3,993.4,5.9,57.7,8.7,23.7,3.4,932.6,302.6,1.8,68.3,6.4,32.1,0.7,12.7,-4.8,1
29.1,92.3,1016.5,3.6,98.3,47.4,25.8,1.3,342.5,116.5,0.5,42.1,2.8,30.3,1.1,6.3,-3.5,1
27.5,86.0,997.4,1.5,24.2,38.6,21.5,10.8,1013.1,301.9,3.4,51.6,6.2,24.7,-4.3,7.5,-4.7,0
30.3,87.3,1014.0,2.7,68.1,14.1,19.7,3.4,518.9,37.3,0.0,28.7,2.1,30.6,3.6,7.1,4.9,0
30.8,79.9,1010.4,12.0,71.6,29.9,20.1,1.4,994.4,301.6,2.4,55.2,2.6,28.3,-2.1,18.0,-2.2,1
31.9,55.6,1019.8,10.2,60.7,36.4,26.2,2.2,987.5,55.0,1.0,79.0,0.9,34.9,1.2,13.1,4.2,0
28.2,94.4,1010.0,8.2,8.9,47.1,20.2,6.5,226.6,29.9,3.1,13.4,7.5,30.6,4.8,15.4,5.0,0
24.2,80.2,1009.7,7.1,67.7,44.2,19.7,0.7,841.4,231.0,4.9,72.1,2.3,21.3,1.0,15.2,1.0,1
25.7,73.6,1020.3,13.8,6.4,26.2,21.0,9.5,348.8,169.9,2.3,49.4,4.2,27.9,2.2,16.4,-4.7,1
31.0,46.7,1016.4,1.1,59.6,39.0,28.7,10.6,357.0,326.8,4.1,27.6,3.1,33.5,-0.5,4.1,-4.2,0
20.9,66.8,1016.2,4.2,74.0,28.5,7.2,2.7,355.6,130.7,2.5,76.8,7.7,20.0,-4.4,10.8,-0.2,0
26.8,67.6,1017.7,5.2,21.1,28.1,22.1,5.0,870.7,103.4,2.5,43.8,2.7,28.1,3.0,12.2,-0.9,0
23.0,91.9,997.6,11.7,84.2,6.6,18.0,0.2,275.8,180.3,4.7,33.2,6.2,22.7,-4.7,18.7,1.1,1
25.1,72.8,1020.6,14.9,3.0,7.2,19.5,7.0,1.1,164.1,4.4,22.7,6.8,26.0,2.0,21.7,-0.6,0
31.4,62.8,1019.1,3.6,84.4,26.9,27.7,4.6,858.3,124.0,3.9,27.1,3.5,30.4,-4.8,7.5,4.3,0
26.0,98.6,1002.8,13.1,46.0,14.2,15.7,3.0,205.4,249.7,1.5,68.3,3.0,24.9,3.6,17.0,0.3,0
25.2,46.6,1010.6,12.5,21.8,2.0,22.2,2.3,125.4,273.4,2.7,53.0,6.0,24.7,-3.4,15.0,1.9,0
18.2,65.4,1012.6,3.4,13.4,36.4,14.5,7.2,285.0,307.1,1.1,73.9,7.3,16.1,0.1,5.0,4.0,0
28.7,42.5,1011.7,6.0,95.3,2.6,18.3,4.6,455.9,350.2,2.2,26.2,6.0,30.7,1.0,12.9,-3.5,1
28.2,84.4,1016.3,6.1,7.3,30.2,21.8,2.0,571.1,96.0,2.4,18.5,1.8,27.3,-0.4,7.0,-2.7,0
35.8,95.1,1027.3,14.7,19.9,27.4,24.6,7.6,53.5,257.8,4.2,10.4,7.1,35.2,-1.6,24.1,-3.9,0
23.5,56.8,1023.8,2.7,34.8,48.5,14.3,6.2,1164.7,141.9,4.5,45.6,3.1,25.9,-0.3,11.0,-3.6,0
26.1,91.5,999.9,12.0,62.0,24.7,20.8,9.4,859.3,243.7,2.1,79.9,4.6,26.1,-1.9,20.6,0.1,1
26.2,57.5,1019.2,5.0,54.5,4.1,15.7,1.3,387.8,171.4,0.1,58.6,6.7,26.5,-0.6,14.1,-1.8,0
32.9,94.6,1026.3,11.0,12.6,28.0,29.4,8.6,382.4,357.8,4.3,31.6,1.5,35.6,-1.4,15.1,-0.8,0
24.5,85.2,1016.9,6.3,29.0,42.2,15.5,7.4,538.3,262.4,0.9,71.4,6.3,26.8,0.7,14.8,4.8,0
26.4,88.3,1023.9,8.7,23.9,49.8,18.7,1.3,751.5,342.9,3.1,64.7,4.8,24.4,-2.6,10.3,-3.4,0
28.0,41.1,1033.1,12.5,21.4,22.1,22.5,7.6,175.6,300.6,0.1,11.1,7.1,27.8,4.9,12.7,0.4,0
25.9,97.8,1023.2,12.1,41.1,16.7,16.0,4.9,226.7,325.0,2.0,67.2,1.4,28.7,0.0,19.9,-4.0,0
22.8,83.6,1015.5,13.0,70.4,45.4,9.5,10.4,1031.3,293.2,4.9,31.0,3.4,22.0,-3.1,13.7,-1.8,0
26.0,58.3,1023.5,0.9,21.7,10.4,11.0,1.6,307.5,165.3,0.5,20.5,6.7,25.2,-0.2,10.8,0.3,0
30.4,89.8,1014.4,10.4,36.7,31.2,20.5,7.1,456.2,90.6,2.1,25.8,0.2,28.6,3.7,17.1,4.5,0
19.9,56.9,1013.2,2.1,39.1,20.9,12.6,4.2,1045.5,133.3,1.5,42.8,0.9,17.6,-4.8,9.6,-1.1,0
25.7,92.4,1009.5,6.2,97.6,3.0,20.8,10.5,795.8,7.3,4.5,39.7,7.9,27.1,1.8,8.7,-4.4,1
21.5,46.8,1028.6,8.2,95.5,18.0,16.2,3.6,410.1,188.6,4.3,30.2,2.2,23.1,0.5,14.9,-1.1,0
31.0,82.2,1004.8,6.0,80.0,14.0,22.8,10.6,820.4,181.8,1.2,22.1,7.8,33.8,-3.3,6.4,-3.5,1
17.4,72.4,1028.3,7.8,24.2,34.6,10.6,9.9,23.6,189.1,0.4,63.4,1.5,19.0,3.2,16.2,-2.7,0
22.2,45.8,1018.0,14.9,6.8,47.5,8.3,3.0,882.8,350.7,3.1,79.3,2.9,20.7,-1.3,16.6,1.2,0
26.9,54.5,999.0,2.0,31.7,14.1,20.1,8.8,584.4,328.1,1.7,64.4,6.0,24.1,-2.1,9.0,-4.3,0
32.8,40.7,1016.7,10.1,26.7,40.8,25.9,11.0,975.8,58.2,3.4,30.7,5.3,35.7,3.3,12.3,-0.4,0
24.7,68.1,992.0,5.9,50.6,3.7,17.7,2.8,1145.6,132.8,0.2,27.1,4.6,23.7,1.4,6.6,1.1,0
22.2,58.1,1019.3,2.0,77.8,27.4,9.3,4.8,1110.9,152.6,0.7,25.2,4.2,21.1,4.0,6.8,-0.8,0
34.4,75.9,1021.9,2.4,85.8,4.5,23.9,5.7,1091.1,129.8,3.4,19.6,6.7,36.8,1.3,4.1,-4.8,1
17.8,57.8,1007.1,14.2,84.5,46.8,7.8,3.2,614.6,287.5,1.1,48.6,1.9,18.3,2.4,21.5,4.9,0
14.0,58.0,1014.2,13.2,36.0,38.6,7.7,0.2,432.2,188.7,4.3,52.4,3.5,12.3,3.4,15.6,-1.3,0
27.2,84.6,1032.5,13.6,68.7,33.2,14.6,2.4,558.0,206.0,0.3,59.4,1.2,29.5,-4.5,17.0,2.8,0
22.5,42.9,1007.9,14.9,31.3,41.4,20.0,3.1,827.9,307.1,1.1,57.6,4.8,25.5,2.8,20.6,-1.7,0
19.9,94.2,1002.4,3.1,6.1,32.7,6.6,4.9,1060.8,290.1,5.0,30.5,2.0,17.4,1.1,5.9,-0.2,0
28.5,91.1,1027.8,5.3,70.2,48.5,19.8,1.9,248.4,47.6,2.2,33.1,2.7,30.7,-4.3,9.1,-1.1,0
26.2,80.1,1032.6,10.0,1.0,36.0,19.0,9.6,1101.8,257.0,3.5,57.7,3.8,25.5,0.1,18.2,-1.6,0
22.2,75.6,1013.0,7.3,40.9,46.3,13.7,7.8,978.2,156.8,0.9,34.5,0.2,22.3,-4.2,9.1,-4.8,0
18.6,93.5,1023.1,6.3,32.9,26.3,7.9,0.9,1174.6,106.1,3.0,24.9,0.7,21.1,2.4,7.1,-1.4,0
29.4,51.1,1026.4,5.4,69.3,6.7,27.2,7.2,1056.3,18.0,3.6,36.2,5.5,32.2,0.5,8.7,3.9,1
28.3,44.7,1005.6,8.9,76.6,26.9,15.0,7.2,335.9,175.4,1.6,29.0,3.4,26.9,4.5,13.1,1.9,0
24.5,54.4,1008.1,8.6,30.4,7.2,16.7,10.5,127.1,128.0,4.1,16.2,6.9,22.8,-3.2,14.0,-3.5,0
34.2,87.7,1025.3,2.4,81.2,30.0,27.7,0.0,134.7,90.5,3.0,68.1,5.6,31.7,1.1,6.1,0.9,0
19.6,42.1,1029.9,7.1,29.4,24.6,15.8,2.7,349.5,250.1,1.9,69.7,0.1,20.0,-2.9,15.0,3.9,0
17.4,75.0,1018.6,8.3,44.6,31.5,9.7,10.2,737.0,277.0,2.8,25.4,4.9,14.5,1.1,8.7,2.0,0
21.5,99.7,1004.2,8.6,72.7,1.5,13.0,10.3,965.2,88.1,2.9,14.5,0.7,21.0,2.2,12.9,-3.5,1
24.8,91.3,1032.9,3.2,69.3,10.5,17.6,7.9,1079.1,17.8,0.8,61.7,6.2,22.2,2.2,7.0,3.7,0
26.2,71.3,1007.7,11.1,98.7,25.1,15.4,8.4,748.5,305.6,2.0,24.8,7.9,25.6,3.2,17.6,-2.0,1
23.8,43.8,1009.6,0.4,22.5,47.6,16.3,1.0,6.8,3.6,1.7,37.5,4.2,21.0,3.5,10.1,-0.5,0
26.8,89.9,1016.4,5.3,66.2,19.8,12.3,5.7,223.6,337.4,2.0,14.5,5.5,28.8,-4.2,10.4,0.3,0
18.7,75.9,1028.5,11.7,61.0,21.8,8.9,2.5,119.7,225.9,3.8,25.8,1.9,17.0,-1.6,21.6,3.5,0
32.2,46.9,1021.5,8.5,91.5,36.0,19.7,2.0,436.0,115.9,2.4,65.5,3.5,31.2,1.9,11.5,4.3,0
24.6,45.6,1017.1,3.9,15.6,30.6,21.2,8.9,601.6,88.7,4.7,66.3,6.8,26.8,-0.0,4.2,4.3,0
30.6,94.6,1017.6,10.4,75.2,15.6,23.4,1.5,52.1,3.2,1.5,24.5,1.3,32.1,-3.1,12.1,-4.9,1
26.7,80.2,1013.4,8.5,56.8,21.1,20.3,5.2,418.2,84.8,2.1,33.5,2.1,25.0,0.5,12.5,4.2,0
27.3,89.8,1018.6,11.9,27.5,11.7,17.9,10.3,215.0,49.6,3.9,19.4,3.6,24.7,-0.9,15.1,-4.5,0
27.8,92.7,987.7,11.0,47.4,48.3,14.6,2.0,776.5,220.4,2.7,15.2,5.7,29.1,-1.1,12.0,-2.3,0
27.2,74.3,1010.0,9.2,33.4,7.4,24.2,10.8,557.1,60.0,2.7,79.5,3.0,26.5,3.1,13.5,0.1,1
28.2,71.0,1015.4,7.3,57.9,19.2,25.3,10.9,594.4,190.3,0.3,55.9,7.4,29.8,-0.9,10.7,-0.2,0
31.6,65.8,1001.5,2.0,88.9,2.3,18.5,6.1,513.2,212.4,2.0,47.9,0.8,31.3,-4.7,3.2,1.0,1
26.0,59.0,1016.9,3.9,56.9,11.9,21.2,1.9,1147.2,107.3,1.4,63.6,3.0,25.1,-4.4,6.9,-0.2,0
28.5,66.1,1011.0,6.3,63.2,39.2,17.8,3.5,257.7,12.6,5.0,68.8,5.7,28.2,3.6,15.2,4.3,0
24.6,86.4,1030.6,9.0,51.9,10.9,15.5,4.7,620.0,13.4,1.5,66.5,1.8,26.1,4.6,12.0,-2.6,0
32.2,76.1,1028.7,7.7,5.1,4.9,19.4,3.4,883.2,9.5,4.4,11.2,5.3,34.6,1.9,14.8,-2.3,0
21.6,93.6,1008.3,4.3,23.3,24.2,18.0,3.1,668.2,266.1,3.4,23.1,1.3,18.9,-1.4,10.4,4.2,1
34.0,66.6,1011.5,0.1,49.2,1.5,30.3,10.7,1114.8,114.5,1.7,55.8,0.4,34.1,4.4,4.4,-4.2,1
24.8,76.4,1012.3,7.4,31.0,5.2,15.6,1.7,453.6,286.7,2.7,36.3,1.0,22.0,1.6,9.8,1.1,0
17.8,77.9,1008.5,4.3,18.2,40.6,3.5,8.1,556.4,155.4,4.2,78.8,7.4,17.6,3.4,8.0,1.8,0
25.6,75.5,1015.0,11.0,50.4,38.8,18.2,0.0,106.2,163.1,4.4,56.6,4.4,27.9,2.7,16.9,0.1,0
21.6,82.2,1005.4,0.4,32.3,45.8,15.3,6.6,730.8,184.6,0.8,77.0,6.4,20.8,-1.2,3.9,1.9,0
29.2,54.2,1001.7,8.8,25.8,42.9,19.3,10.1,345.9,256.7,1.7,24.1,2.7,31.8,-0.2,10.9,-3.3,0
21.7,70.7,1019.2,14.1,46.4,34.5,7.6,3.2,192.4,98.5,1.7,70.5,4.7,22.5,-3.1,15.3,3.5,0
22.8,46.3,1019.3,2.6,13.3,3.6,9.9,2.0,653.4,43.8,0.2,32.5,4.0,25.4,-2.1,11.4,-3.6,0
15.6,63.1,1005.0,7.1,92.8,39.4,0.7,7.2,638.8,200.2,3.0,79.3,7.6,17.1,2.8,11.5,-1.0,0
22.7,69.3,1022.0,1.4,86.8,42.4,20.4,7.8,91.0,117.7,4.3,21.0,6.0,20.3,3.9,7.7,-4.2,1
12.9,79.1,1006.7,9.4,70.8,40.2,9.4,7.6,837.9,159.3,1.9,46.1,5.8,11.3,2.2,14.3,0.5,1
17.1,97.0,1015.5,8.3,10.6,25.9,7.2,3.5,748.5,232.9,3.7,65.5,0.4,16.5,-0.3,17.0,1.7,0
28.8,76.0,1021.2,6.1,77.6,12.4,16.1,2.8,226.8,177.9,3.1,40.3,4.4,26.8,-4.1,11.6,4.4,0
28.9,84.6,1012.7,7.8,80.8,42.4,23.2,10.5,563.3,223.3,1.9,42.8,3.7,28.9,-4.4,12.6,2.4,0
27.1,70.4,1017.5,13.4,76.8,36.6,22.0,10.2,864.4,195.9,0.7,79.0,7.4,26.9,-1.3,22.6,0.4,0
20.2,78.0,1007.8,2.9,11.4,49.1,8.0,5.0,635.3,266.3,3.5,39.8,2.1,22.9,-0.4,10.1,4.3,0
24.8,44.3,1011.0,0.3,64.4,8.6,22.1,9.3,474.6,254.1,4.3,52.3,2.2,24.4,1.1,1.4,-0.2,1
25.0,55.3,1010.9,12.9,83.4,12.1,18.2,5.0,386.8,192.3,3.4,13.8,3.3,26.7,-4.9,14.7,0.6,0
19.2,61.7,1005.5,8.7,57.7,11.4,10.6,4.7,732.5,244.4,0.1,69.0,1.9,21.9,4.9,16.6,1.0,0
32.5,68.3,1011.2,13.4,64.6,39.8,23.2,1.7,1126.9,314.5,1.1,55.4,1.0,34.8,-1.4,21.8,-0.9,0
29.4,42.7,997.5,9.0,45.8,10.2,17.9,4.7,806.1,155.6,0.3,38.3,6.9,27.7,3.5,14.5,3.4,0
23.9,48.4,1008.1,12.2,52.9,4.3,17.3,5.9,89.7,148.6,2.9,11.1,4.5,23.9,0.3,17.7,-3.1,1
25.1,56.6,1010.2,6.4,3.4,49.9,15.1,0.2,552.8,275.1,3.8,51.4,6.9,24.2,-3.7,12.7,0.5,0
26.0,98.3,1010.4,11.2,63.9,2.2,16.4,4.9,1069.0,209.7,0.6,10.9,6.6,25.4,3.0,15.6,2.2,0
14.8,59.9,1010.6,13.7,8.1,41.9,5.7,8.6,113.4,25.6,4.2,10.1,2.3,14.0,2.1,20.5,4.0,0
23.8,68.9,1012.4,8.6,43.5,18.9,13.5,7.5,1186.7,321.2,2.8,53.1,4.4,25.8,0.3,9.7,3.8,0
21.6,51.8,1017.8,2.7,29.3,42.2,16.2,7.0,1138.9,11.1,3.4,23.2,0.7,21.3,0.1,12.3,0.1,0
20.0,76.6,1021.7,4.0,54.5,28.2,16.9,10.0,93.9,269.4,4.9,23.4,7.3,20.1,-4.1,11.5,1.4,0
23.6,56.8,1006.5,3.0,13.3,45.2,20.0,0.2,1120.1,273.2,0.4,55.7,3.2,26.5,1.6,9.3,-1.1,0
34.0,52.4,1001.0,3.7,69.2,46.4,29.1,6.1,435.8,343.1,4.5,13.8,3.1,31.4,4.1,6.9,-0.3,0
28.2,71.0,1002.6,4.6,79.5,1.4,19.7,8.7,1013.7,19.5,0.6,31.9,2.4,28.1,-4.1,6.2,4.1,1
22.1,40.3,1008.1,8.3,16.3,4.7,9.2,6.0,502.1,214.9,2.0,20.5,3.7,23.7,-2.4,12.4,4.3,0
27.9,40.5,1009.5,8.8,10.4,13.3,16.8,3.6,529.0,154.0,4.3,50.6,2.0,25.8,4.0,15.4,4.0,0
